Model,Explainer,Metric,Median,Mean,StdDev,IQR
RF,SHAP,ImportanceRatio,10821.999999999987,10964.482263727192,5391.141831341834,5480.624999999989
RF,LIME,ImportanceRatio,28.192740572777666,27.092516390163883,6.730694662654314,6.27077029446389
RF,PFI,ImportanceRatio,7490.77106933509,7320.768965735555,2612.642712452092,2763.2431385071322
MLP,SHAP,ImportanceRatio,58.71024083737378,63.54059759007291,31.936456448903364,34.22481995373636
MLP,LIME,ImportanceRatio,12.807927952423743,13.334890586327742,5.262715518615488,6.621682721873164
MLP,PFI,ImportanceRatio,517.3233355667754,596.5929407962741,402.9608642206045,351.79959476350047
