Model,Explainer,Metric,Median,Mean,StdDev,IQR
RF,SHAP,ImportanceRatio,10715.874999999996,10898.948643336984,5283.8207459632595,5109.187499999998
RF,LIME,ImportanceRatio,28.302444646632186,27.33224535066193,6.72408041391247,6.718190529812883
RF,PFI,ImportanceRatio,7420.948054301935,7291.305565384605,2558.825082394241,2726.164671826182
MLP,SHAP,ImportanceRatio,59.37686692392694,64.27734680774572,31.57374695648333,34.320119247278875
MLP,LIME,ImportanceRatio,12.34278533380389,13.054885492206184,5.27338739183883,6.719829767325997
MLP,PFI,ImportanceRatio,509.1537758870464,588.5109874550155,393.9404721250977,330.89441927425526
