Model,Explainer,Metric,Median,Mean,StdDev,IQR
RF,SHAP,ImportanceRatio,10862.874999999996,10977.71374006232,5376.467462110108,5407.593749999996
RF,LIME,ImportanceRatio,28.126447957743036,27.073576173653084,6.719286838010179,6.266529092238088
RF,PFI,ImportanceRatio,7488.080953925415,7322.076255774299,2606.0892405101567,2745.1449117356397
MLP,SHAP,ImportanceRatio,58.702415114417974,63.55653721348913,31.87306674794325,34.34564847927118
MLP,LIME,ImportanceRatio,12.774238895052262,13.312179083436265,5.252935994515506,6.626728986002508
MLP,PFI,ImportanceRatio,516.6627544281746,595.6967574393808,401.9351729984721,350.1768560381771
