Model,Explainer,Metric,Median,Mean,StdDev,IQR
RF,SHAP,ImportanceRatio,10821.999999999987,10952.597963983486,5372.211065209746,5386.374999999996
RF,LIME,ImportanceRatio,28.085537474464484,27.07036337883337,6.702379170804337,6.234792334234172
RF,PFI,ImportanceRatio,7485.390838515739,7321.454362347095,2599.8770098696145,2751.2239571301307
MLP,SHAP,ImportanceRatio,58.71024083737378,63.59891404795845,31.802247573847218,34.33574373971832
MLP,LIME,ImportanceRatio,12.802994916232128,13.313752866239735,5.242416586325628,6.633926152916565
MLP,PFI,ImportanceRatio,516.0021732895739,595.0517513630336,400.87105765693724,348.21397599579683
