Model,Explainer,Metric,Median,Mean,StdDev,IQR
RF,SHAP,ImportanceRatio,10821.68749999999,10943.430661187056,5356.835700118899,5328.437499999996
RF,LIME,ImportanceRatio,28.18004950689963,27.106066027718658,6.698977746015202,6.2658933122211025
RF,PFI,ImportanceRatio,7469.005402840839,7311.592544299538,2595.0615695508563,2756.8422494238775
MLP,SHAP,ImportanceRatio,58.702415114417974,63.56223003465263,31.71044833559671,33.541697138824816
MLP,LIME,ImportanceRatio,12.718302577404828,13.272181569173645,5.251175892996404,6.655961124005577
MLP,PFI,ImportanceRatio,512.9915911660838,593.451886498315,400.0868886518522,348.80884895382997
