Model,Explainer,Metric,Median,Mean,StdDev,IQR
RF,SHAP,ImportanceRatio,10749.749999999998,10932.031108534236,5341.916232133197,5241.999999999996
RF,LIME,ImportanceRatio,28.212587780713584,27.13792925008404,6.689116579611691,6.319280694779472
RF,PFI,ImportanceRatio,7463.421885986984,7303.784391229271,2590.158350446516,2737.6683609499414
MLP,SHAP,ImportanceRatio,58.71024083737378,63.645472451104936,31.650122968024867,34.50135988729941
MLP,LIME,ImportanceRatio,12.55771555578769,13.230913953811905,5.259294299198799,6.6100839898763795
MLP,PFI,ImportanceRatio,509.38207920911196,592.0376200015876,399.24459400615586,348.0023481444279
