Model,Explainer,Metric,Median,Mean,StdDev,IQR
RF,SHAP,ImportanceRatio,10785.562499999996,10934.30708433423,5326.570303854715,5232.0624999999945
RF,LIME,ImportanceRatio,28.233847745309994,27.19927153868793,6.71443817318248,6.336339857550627
RF,PFI,ImportanceRatio,7444.095130526726,7302.558964973408,2582.854770826591,2737.9602716447844
MLP,SHAP,ImportanceRatio,58.87920746311281,63.791165377751575,31.627029488347542,34.83836626788948
MLP,LIME,ImportanceRatio,12.511363270829548,13.192384436347261,5.264408569111694,6.629989861644194
MLP,PFI,ImportanceRatio,509.92115876649643,591.5682537567834,398.0950774059662,343.5442651242767
