Model,Explainer,Metric,Median,Mean,StdDev,IQR
RF,SHAP,ImportanceRatio,10749.749999999998,10930.153323712144,5309.906115004544,5201.437499999996
RF,LIME,ImportanceRatio,28.24170118003344,27.22832086541758,6.70303097554948,6.359864166729025
RF,PFI,ImportanceRatio,7423.258435491655,7292.568756146541,2577.858203976606,2740.22561512174
MLP,SHAP,ImportanceRatio,58.902409449953225,63.90270338254618,31.58572283322582,34.772288507587135
MLP,LIME,ImportanceRatio,12.45387997525355,13.154014557872982,5.2697121959823,6.6581685740394025
MLP,PFI,ImportanceRatio,510.46023832388096,590.7887509951854,396.97692559946415,337.61263644084534
