Model,Explainer,Metric,Median,Mean,StdDev,IQR
RF,SHAP,ImportanceRatio,10739.375,10926.779463013543,5294.821428898728,5165.843749999996
RF,LIME,ImportanceRatio,28.27669762616198,27.281556172808507,6.716258709327574,6.559105551633149
RF,PFI,ImportanceRatio,7420.948054301935,7289.784708152969,2571.3690934351184,2735.005276960568
MLP,SHAP,ImportanceRatio,59.11222632614961,63.9645144547392,31.52009261753815,34.56570886063808
MLP,LIME,ImportanceRatio,12.409805005451677,13.11281965663344,5.278724600980355,6.6382738728602035
MLP,PFI,ImportanceRatio,509.1537758870464,589.3573211989061,396.24246430516735,333.52430236425585
