Model,Explainer,Metric,Median,Mean,StdDev,IQR
RF,SHAP,ImportanceRatio,10708.999999999996,10899.071485957555,5300.039403504953,5166.749999999998
RF,LIME,ImportanceRatio,28.265756860169557,27.273152109941666,6.698009660907381,6.503203459318549
RF,PFI,ImportanceRatio,7423.258435491655,7294.750373732229,2565.6582007813663,2728.7624404786457
MLP,SHAP,ImportanceRatio,59.11797800490304,63.97266925659355,31.432735226546118,34.169508881425564
MLP,LIME,ImportanceRatio,12.363715339930138,13.089365422790985,5.271779870373623,6.655171551116297
MLP,PFI,ImportanceRatio,508.9254725649808,588.7093143009939,395.1208195418496,332.16823049328633
