Model,Explainer,Metric,Median,Mean,StdDev,IQR
RF,SHAP,ImportanceRatio,11568.374999999996,11966.941920811416,4919.961337443821,4652.3125
RF,LIME,ImportanceRatio,28.917682074331662,28.068909475880623,5.213832073566016,4.130018899914319
RF,PFI,ImportanceRatio,8644.448890308282,8701.686438760305,1891.0216911718474,2882.6629308130905
MLP,SHAP,ImportanceRatio,70.12494564236279,76.14835895866423,31.89957773002895,31.546973955487623
MLP,LIME,ImportanceRatio,13.926120105772588,14.032131540081133,4.301411302103158,5.418098045690577
MLP,PFI,ImportanceRatio,628.1381801605326,806.755237264605,537.9062521681527,430.042317234851
