Model,Explainer,Metric,Median,Mean,StdDev,IQR
RF,SHAP,ImportanceRatio,12338.374999999998,12664.39423168301,5050.439407039355,6167.112500002411
RF,LIME,ImportanceRatio,28.804261430612815,28.093345706576354,4.781665420865992,3.8157234310112855
RF,PFI,ImportanceRatio,8191.120606591136,8433.858161508932,1858.9842615100395,2690.997432518723
MLP,SHAP,ImportanceRatio,65.21107326374891,73.01483659305681,30.596474409138104,31.619437435788775
MLP,LIME,ImportanceRatio,13.37994869243252,13.93363210428526,4.3263559337504525,5.8742760344743274
MLP,PFI,ImportanceRatio,571.6082561006035,737.5955814056377,511.90289240621934,410.674909003964
