Model,Explainer,Metric,Median,Mean,StdDev,IQR
RF,SHAP,ImportanceRatio,11655.3125,12126.463144919082,4970.322270431802,4791.062499999998
RF,LIME,ImportanceRatio,28.859141707161548,28.060759534029486,5.15165798507107,4.0199201303251755
RF,PFI,ImportanceRatio,8569.742096018657,8658.752532909986,1892.228775501089,2952.6733001002576
MLP,SHAP,ImportanceRatio,69.7483700678431,75.78403872593029,31.60445808699656,30.07274508312399
MLP,LIME,ImportanceRatio,14.042577237343519,14.148462458777187,4.361493907935004,5.629373845294209
MLP,PFI,ImportanceRatio,610.9513683377829,797.338699098991,534.8780331728938,451.3706880951477
