Model,Explainer,Metric,Median,Mean,StdDev,IQR
RF,SHAP,ImportanceRatio,11783.499999999998,12236.797335347319,4966.466162402327,5460.000000000007
RF,LIME,ImportanceRatio,28.858602704993494,28.046882042091134,5.107644601317636,4.058622608732708
RF,PFI,ImportanceRatio,8440.20051309959,8615.20677040903,1895.211958930807,2962.6763322183697
MLP,SHAP,ImportanceRatio,69.57097621563017,75.56296375046325,31.277625407191188,29.154258080028676
MLP,LIME,ImportanceRatio,13.983411548984185,14.156248104061937,4.3940855196604085,5.701477534680608
MLP,PFI,ImportanceRatio,598.5554623359236,790.2365016383717,530.6478298581028,452.69150190862956
