Model,Explainer,Metric,Median,Mean,StdDev,IQR
RF,SHAP,ImportanceRatio,11842.625,12324.587926210637,4944.632743164332,5626.8124999999945
RF,LIME,ImportanceRatio,28.836402145828256,28.0615891147554,5.0521470159767485,3.942515173510124
RF,PFI,ImportanceRatio,8402.948705623246,8589.937071475124,1888.0262464149394,2945.7779408733586
MLP,SHAP,ImportanceRatio,68.1888727186775,75.00413826436979,31.136894062403282,30.57627057713472
MLP,LIME,ImportanceRatio,13.954765827378386,14.152679662677052,4.381915646828688,5.747113875259259
MLP,PFI,ImportanceRatio,595.0152147491949,781.5545355281105,527.688881851148,463.5787256482804
