Model,Explainer,Metric,Median,Mean,StdDev,IQR
RF,SHAP,ImportanceRatio,11881.999999999998,12390.462824146698,4913.468234088274,5685.874999999998
RF,LIME,ImportanceRatio,28.814201586663017,28.049127332990487,5.001021364363945,3.939594281419211
RF,PFI,ImportanceRatio,8365.696898146904,8562.735820915204,1883.45049979987,2924.551928963364
MLP,SHAP,ImportanceRatio,67.15654659340666,74.45795987040326,31.003910472125437,31.449625165723226
MLP,LIME,ImportanceRatio,13.983411548984185,14.161367364323349,4.336004286955543,5.55727015590781
MLP,PFI,ImportanceRatio,597.4854104735324,776.3394381453821,523.1847730402687,455.751010541446
