Model,Explainer,Metric,Median,Mean,StdDev,IQR
RF,SHAP,ImportanceRatio,11915.062500000002,12568.548777244958,5019.6729925469435,5913.1750000008
RF,LIME,ImportanceRatio,28.804261430612815,28.05427525300168,4.950510493945158,3.9371899165763082
RF,PFI,ImportanceRatio,8349.389500384808,8538.99226942707,1876.8400734285199,2914.663238425127
MLP,SHAP,ImportanceRatio,66.89324990211114,74.35422627270421,30.724567373189043,31.38091081540174
MLP,LIME,ImportanceRatio,13.790089081679257,14.09125254386524,4.31790668231655,5.424476883942106
MLP,PFI,ImportanceRatio,590.3892315873244,765.0038713745466,523.0303856548851,449.58797477210686
