Model,Explainer,Metric,Median,Mean,StdDev,IQR
RF,SHAP,ImportanceRatio,11964.249999999996,12652.604477019888,5003.8782721084335,5939.300000003217
RF,LIME,ImportanceRatio,28.858602704993494,28.111747448870382,4.916109261221582,3.903812695102591
RF,PFI,ImportanceRatio,8230.230352852743,8507.04329921338,1873.1033662033808,2965.3649065662466
MLP,SHAP,ImportanceRatio,65.64666020421451,73.77028224923187,30.67662888348847,31.35469971622323
MLP,LIME,ImportanceRatio,13.48557234012973,14.032855720669668,4.293117401230983,5.417121586450024
MLP,PFI,ImportanceRatio,574.9473606858957,755.9025556023544,521.2330572917233,441.84399630028366
