Model,Explainer,Metric,Median,Mean,StdDev,IQR
RF,SHAP,ImportanceRatio,12317.999999999996,12703.434765693086,4976.317040820165,5906.437500000806
RF,LIME,ImportanceRatio,28.804261430612815,28.08225462486479,4.871051980334053,3.8846172886252184
RF,PFI,ImportanceRatio,8216.392160799389,8475.479796699095,1874.373273135098,2957.4184378032896
MLP,SHAP,ImportanceRatio,65.21107326374891,73.18369156724442,30.665389862201607,31.204547121326996
MLP,LIME,ImportanceRatio,13.438310199859073,13.947611595174724,4.288513824085395,5.736296593892591
MLP,PFI,ImportanceRatio,573.3960825640595,749.7225885499779,518.1713749823099,437.0574917616622
