Model,Explainer,Metric,Median,Mean,StdDev,IQR
RF,SHAP,ImportanceRatio,12349.999999999998,12754.516028978262,4954.216626995399,5955.050000000003
RF,LIME,ImportanceRatio,28.814201586663017,28.107383288975484,4.8257754646030895,3.819390670408552
RF,PFI,ImportanceRatio,8199.768310319176,8447.648842463825,1866.423235618503,2820.269393599551
MLP,SHAP,ImportanceRatio,64.53589452338744,72.55458028881331,30.710973725805495,31.52675456226755
MLP,LIME,ImportanceRatio,13.434820300900299,13.93921511673433,4.307513138149213,5.836473959742031
MLP,PFI,ImportanceRatio,571.3717077589837,741.1784533076911,516.3444423693142,431.26147894142605
