Model,Explainer,Metric,Median,Mean,StdDev,IQR
RF,SHAP,ImportanceRatio,11811.249999999998,12246.395993589667,5354.152508300506,5498.312500000004
RF,LIME,ImportanceRatio,28.696202095865505,27.625623988012613,5.849795280361764,4.3486096542041
RF,PFI,ImportanceRatio,8216.392160799389,8607.471011093185,1995.6540324244486,2967.595485648845
MLP,SHAP,ImportanceRatio,69.7483700678431,77.2585270273134,34.90578266983924,33.17660389213
MLP,LIME,ImportanceRatio,12.527418810433698,12.916806582935727,3.8649087658378094,5.173199066748213
MLP,PFI,ImportanceRatio,592.8594273116619,815.850931420902,597.7206276833177,469.6120338907555
