Model,Explainer,Metric,Median,Mean,StdDev,IQR
RF,SHAP,ImportanceRatio,10085.75,10131.235810948205,3750.2089947691456,3355.6249999999964
RF,LIME,ImportanceRatio,28.814201586663017,28.952459684781324,4.289167584534763,5.304711344455903
RF,PFI,ImportanceRatio,7618.842625271679,7716.990350765036,1474.7902829368286,1944.4297723257796
MLP,SHAP,ImportanceRatio,64.53589452338744,68.30647858167735,21.451606693580505,28.67011065310966
MLP,LIME,ImportanceRatio,12.978148474472407,13.04445068516965,4.094518563033843,5.388730559195352
MLP,PFI,ImportanceRatio,545.2381196668579,555.9817293501729,200.92615485917432,268.9668497456283
