Model,Explainer,Metric,Median,Mean,StdDev,IQR
RF,SHAP,ImportanceRatio,10274.375000000004,10399.486455905104,3936.6194679007062,3670.1875000000036
RF,LIME,ImportanceRatio,28.696202095865505,28.7902500173199,4.256262696306095,5.0596548249693285
RF,PFI,ImportanceRatio,7635.875663703524,7904.862252348155,1704.900426531631,2315.707791423303
MLP,SHAP,ImportanceRatio,66.47805663190331,69.52982368185205,22.3072590797266,30.033002590767715
MLP,LIME,ImportanceRatio,12.519406006561727,13.002606179295606,4.005122083830572,5.222478265777312
MLP,PFI,ImportanceRatio,550.9535813134685,612.599728254387,343.99212264944015,307.53384996636646
