Model,Explainer,Metric,Median,Mean,StdDev,IQR
RF,SHAP,ImportanceRatio,10612.500000000004,10463.818204199084,3868.8078143131056,3666.750000000009
RF,LIME,ImportanceRatio,28.814201586663017,28.886083247196332,4.1952639162150085,5.023766301064818
RF,PFI,ImportanceRatio,7635.944671461807,7949.645285902869,1696.1548604812385,2399.0958748336006
MLP,SHAP,ImportanceRatio,64.53589452338744,67.9668103174332,23.01605646905621,31.462143941843273
MLP,LIME,ImportanceRatio,12.300582983480131,12.890142071993338,3.954288225909504,5.20715474914736
MLP,PFI,ImportanceRatio,551.656162292823,613.8421255796568,337.1012682881925,301.35639252471674
