Model,Explainer,Metric,Median,Mean,StdDev,IQR
RF,SHAP,ImportanceRatio,10933.375000000004,10815.886542913013,4154.935900614974,3874.593750000011
RF,LIME,ImportanceRatio,28.88868139183063,28.934417034145724,4.123606734014349,5.093195678347666
RF,PFI,ImportanceRatio,7663.222401359668,8074.770738935826,1777.647101924131,2401.098086648837
MLP,SHAP,ImportanceRatio,66.22996561003896,68.43771457874745,22.862996762928944,30.97471345162235
MLP,LIME,ImportanceRatio,12.145296199229941,12.799369353005087,3.8978923304448236,4.859014987205567
MLP,PFI,ImportanceRatio,553.9082254454261,626.566579886661,336.2489467676202,323.16005121418596
