Model,Explainer,Metric,Median,Mean,StdDev,IQR
RF,SHAP,ImportanceRatio,11044.750000000005,11104.884414529824,4310.49445757171,3958.4374999999927
RF,LIME,ImportanceRatio,29.04450051218436,29.007666779991904,4.056645792722727,4.767262396373027
RF,PFI,ImportanceRatio,7765.252597690939,8118.173559339725,1760.3505387023565,2262.0210732159194
MLP,SHAP,ImportanceRatio,65.30338462667126,68.13551362109283,22.5455827960482,28.891414538856743
MLP,LIME,ImportanceRatio,12.23372378655556,12.802247030606756,3.886015198551275,5.012549802935219
MLP,PFI,ImportanceRatio,553.9954646983615,632.6976343058699,334.09966115717623,326.7450151065691
