Model,Explainer,Metric,Median,Mean,StdDev,IQR
RF,SHAP,ImportanceRatio,11364.75,11363.114501150472,4449.05394171962,4049.8875000000007
RF,LIME,ImportanceRatio,28.88868139183063,28.52359616953616,4.695351998883594,4.748117211793016
RF,PFI,ImportanceRatio,7819.971228624708,8265.001144353653,1890.4918997358027,2672.765259804768
MLP,SHAP,ImportanceRatio,67.40463761527101,70.89160246782066,26.478210100611538,30.737765323828093
MLP,LIME,ImportanceRatio,12.324136357833165,13.003623685380317,3.942844352328591,5.384527008661754
MLP,PFI,ImportanceRatio,558.2394851637408,687.9696107365336,437.6557521789892,341.6323115064099
