Model,Explainer,Metric,Median,Mean,StdDev,IQR
RF,SHAP,ImportanceRatio,11493.49999999999,11926.638038144902,5227.31263086797,4868.749999999996
RF,LIME,ImportanceRatio,28.814201586663017,27.764385808086338,6.01872722092183,4.8968854202701415
RF,PFI,ImportanceRatio,7842.206063069973,8371.867479280201,1934.473947748446,2710.393249983583
MLP,SHAP,ImportanceRatio,68.72501680021963,75.34206398727048,34.55940162992187,31.896928699760217
MLP,LIME,ImportanceRatio,12.23372378655556,12.814321096410364,3.999727886136811,5.365557818218377
MLP,PFI,ImportanceRatio,569.537578793095,759.5691058603059,589.8732156840238,346.81110052744356
