Model,Explainer,Metric,Median,Mean,StdDev,IQR
RF,SHAP,ImportanceRatio,11717.5,11995.836977258774,5148.814757870341,4876.812499999996
RF,LIME,ImportanceRatio,28.88868139183063,27.83815887288571,5.923454950759158,4.737148581083069
RF,PFI,ImportanceRatio,7941.810379656527,8453.70290807317,1947.0457722176761,2998.0682678855737
MLP,SHAP,ImportanceRatio,67.40463761527101,74.71280180279236,34.11714664699764,31.340104367211254
MLP,LIME,ImportanceRatio,12.324136357833165,12.868413821051671,3.9400864298088436,5.33110403035049
MLP,PFI,ImportanceRatio,571.0057799239867,765.1358878382842,579.9848008881603,345.04034082944656
