Model,Explainer,Metric,Median,Mean,StdDev,IQR
RF,SHAP,ImportanceRatio,11651.500000000004,11952.860797966321,5200.315982148264,4904.3749999999945
RF,LIME,ImportanceRatio,28.814201586663017,27.60724610558918,5.948819714751521,4.743183703414793
RF,PFI,ImportanceRatio,8002.25996096488,8530.764703813084,1961.824591865127,2989.3418286662254
MLP,SHAP,ImportanceRatio,68.72501680021963,75.29719933079035,33.68202260009765,31.794067582030408
MLP,LIME,ImportanceRatio,12.363715339930138,12.940893665242207,3.8931721289757433,5.274364880465841
MLP,PFI,ImportanceRatio,574.9473606858957,789.006722225266,587.1550733637048,400.716976050511
