Model,Explainer,Metric,Median,Mean,StdDev,IQR
RF,SHAP,ImportanceRatio,9987.375,9900.847601495616,3656.0352975506494,3249.4999999999964
RF,LIME,ImportanceRatio,28.696202095865505,28.925203958340504,4.391444136749009,5.716212309869988
RF,PFI,ImportanceRatio,7512.146322837267,7586.279146357445,1366.061122159752,1760.7376057673873
MLP,SHAP,ImportanceRatio,64.45131228057528,68.04685057467238,21.350402934654593,24.33773221547421
MLP,LIME,ImportanceRatio,12.978347381319974,13.077396449655595,4.170117378952236,5.6237892000787255
MLP,PFI,ImportanceRatio,540.0648411803193,534.2917879836481,176.09643650606031,218.04209613264408
