Model,Explainer,Metric,Median,Mean,StdDev,IQR
RF,SHAP,ImportanceRatio,9492.499999999998,8698.40472999205,3520.4529482691246,2392.5
RF,LIME,ImportanceRatio,28.167358441021587,28.28810033367682,5.295178350092569,5.106408033816557
RF,PFI,ImportanceRatio,7635.944671461807,7566.042768092991,1524.6458460399867,1739.9166790658937
MLP,SHAP,ImportanceRatio,72.44944078517345,72.33114223085235,22.263134640640693,29.981509937022764
MLP,LIME,ImportanceRatio,11.399785918215727,12.171997454970185,4.39333275331857,7.637777028537087
MLP,PFI,ImportanceRatio,553.8209861924905,566.970682352252,190.12817909348834,182.58456223170782
