Model,Explainer,Metric,Median,Mean,StdDev,IQR
RF,SHAP,ImportanceRatio,9568.399999998392,8981.239058048268,3505.4246758940044,3063.3125
RF,LIME,ImportanceRatio,28.00934369587896,28.117092151491107,5.102260939637477,4.338695428836964
RF,PFI,ImportanceRatio,7592.824198720823,7518.995080494719,1483.1992039606714,1599.1010628381482
MLP,SHAP,ImportanceRatio,70.32901822414924,71.58210534032368,21.47821030269768,27.810047425925944
MLP,LIME,ImportanceRatio,11.526039894590664,12.356652189647626,4.314281405333695,6.60557496736047
MLP,PFI,ImportanceRatio,553.9082254454261,568.2494847485974,184.32648549939196,195.18906679622603
