Model,Explainer,Metric,Median,Mean,StdDev,IQR
RF,SHAP,ImportanceRatio,9500.0,9099.743104865067,3434.6057522550295,2992.3000000013426
RF,LIME,ImportanceRatio,28.167358441021587,28.485262308559914,5.113233681127868,6.107040072580329
RF,PFI,ImportanceRatio,7549.703725979839,7576.157467895485,1493.8128526826467,1622.6701426279633
MLP,SHAP,ImportanceRatio,69.92576392005601,69.6196827587997,22.017957720370966,30.22578672637355
MLP,LIME,ImportanceRatio,12.69112228093726,13.025233350225921,4.775696519229751,7.277281371918853
MLP,PFI,ImportanceRatio,553.8209861924905,571.4322315163975,181.1660192085809,208.6830357627157
