Model,Explainer,Metric,Median,Mean,StdDev,IQR
RF,SHAP,ImportanceRatio,9718.39999999839,9249.309073565182,3356.4143600279112,3103.1375000020034
RF,LIME,ImportanceRatio,28.247215653071773,28.57110117674382,4.973035751987933,5.883160884932796
RF,PFI,ImportanceRatio,7592.824198720823,7617.851915109694,1461.8093318889923,1792.2907448122205
MLP,SHAP,ImportanceRatio,68.1888727186775,67.75027958833293,22.271654755054396,31.619570554713043
MLP,LIME,ImportanceRatio,13.206484387686352,13.153809210303399,4.628362642288979,6.348474394251884
MLP,PFI,ImportanceRatio,550.9535813134685,561.8507491535076,178.8319706590424,176.78815958316198
