Model,Explainer,Metric,Median,Mean,StdDev,IQR
RF,SHAP,ImportanceRatio,9636.799999996783,9021.519024216375,3627.121173818326,3535.499999999988
RF,LIME,ImportanceRatio,28.32707286512196,28.709302036714845,4.862912556083282,6.06362364595002
RF,PFI,ImportanceRatio,7635.944671461807,7621.484371128934,1416.685124690142,1660.4257357052884
MLP,SHAP,ImportanceRatio,64.04693918778169,67.13228434622187,21.645288730508867,29.252736753091902
MLP,LIME,ImportanceRatio,12.978148474472407,13.116986933922185,4.590360078128819,6.479451742218233
MLP,PFI,ImportanceRatio,550.2510003341139,553.6638125379402,176.89827662864957,172.98231925020144
