Model,Explainer,Metric,Median,Mean,StdDev,IQR
RF,SHAP,ImportanceRatio,9718.39999999839,9209.689710202852,3633.603964548554,3674.4500000020116
RF,LIME,ImportanceRatio,28.409516407981855,28.81636060355869,4.766755028771404,5.830585660512956
RF,PFI,ImportanceRatio,7647.380030156231,7669.226993075099,1415.7155137743018,1785.8705994281672
MLP,SHAP,ImportanceRatio,66.0943115802614,67.94192751688875,21.376215106104734,31.18097316307321
MLP,LIME,ImportanceRatio,13.206484387686352,13.251445847707368,4.507328572237467,6.94582901438126
MLP,PFI,ImportanceRatio,552.7385742426568,562.4292218912531,176.14927123365678,201.7449439473005
