Model,Explainer,Metric,Median,Mean,StdDev,IQR
RF,SHAP,ImportanceRatio,9800.249999999996,9468.021688034058,3686.290629526071,3437.42500000134
RF,LIME,ImportanceRatio,28.60609127165727,28.89230003264629,4.65234015163892,5.7320214816849955
RF,PFI,ImportanceRatio,7618.842625271679,7634.333552872866,1386.6240010489303,1709.0606181460662
MLP,SHAP,ImportanceRatio,67.65272863713537,68.13848723827819,20.789068801499607,28.437756502966714
MLP,LIME,ImportanceRatio,12.69112228093726,13.050989166886524,4.476170112548399,6.626276580795059
MLP,PFI,ImportanceRatio,550.2510003341139,550.0023153259218,178.3372025014194,214.39641047678515
