Model,Explainer,Metric,Median,Mean,StdDev,IQR
RF,SHAP,ImportanceRatio,9851.249999999996,9606.441779439572,3674.1932013444425,2999.562499999998
RF,LIME,ImportanceRatio,28.80025725336838,28.945510153778198,4.52942410339953,5.472942915085106
RF,PFI,ImportanceRatio,7584.273175625759,7636.241232363179,1386.8609451394618,1736.1690518106625
MLP,SHAP,ImportanceRatio,68.1888727186775,69.12848832602391,21.97764193785294,28.86818027293487
MLP,LIME,ImportanceRatio,12.834635377704833,13.077966308614473,4.37202791398565,6.178422645434214
MLP,PFI,ImportanceRatio,546.7924321504568,545.3789984249316,178.97641260725482,226.4532670271019
