Model,Explainer,Metric,Median,Mean,StdDev,IQR
RF,SHAP,ImportanceRatio,9963.25,9744.304492802403,3639.8988132071945,2859.8749999999964
RF,LIME,ImportanceRatio,28.814201586663017,29.0370602322398,4.477336834004897,5.750148807203132
RF,PFI,ImportanceRatio,7549.703725979839,7628.092321211064,1382.0721420840052,1763.2774854752588
MLP,SHAP,ImportanceRatio,67.65272863713537,68.87784375703328,21.477319989874484,26.24381452180434
MLP,LIME,ImportanceRatio,12.978148474472407,13.068397408023845,4.267498726631772,5.848095342318176
MLP,PFI,ImportanceRatio,543.3338639667998,540.2710953441491,176.8284440390913,216.32089945471904
