Degree,Model,Metric,Mean_Value,Mean_Error,Median_Value,Median_Error,StdDev_Value,StdDev_Error
deg10,RF,Spearman,0.7844645405527363,0.0008935054959037179,0.7844645405527362,0.0008935054959037181,1.1102230246251565e-16,2.168404344971009e-19
deg10,RF,KendallTau,0.6629935441317962,0.0046777349810472645,0.6629935441317959,0.004677734981047266,3.3306690738754696e-16,1.734723475976807e-18
deg10,RF,PrecisionAtK,0.8022222222222225,,0.8000000000000002,,0.011967032904743316,
deg10,LR,Spearman,0.022662308949301272,0.7275687707368869,0.013074409009212274,0.7377542995717656,0.023126884820906347,0.12478260827962974
deg10,LR,KendallTau,0.0191531468304741,0.7140189012753414,0.011049892402196601,0.7267682088120204,0.019545785105005344,0.12920400512321015
deg10,LR,PrecisionAtK,0.4022222222222223,,0.4000000000000001,,0.053008268630562495,
