Degree,Model,Metric,Mean,Median,StdDev,IQR
deg2,RF,ImportanceRatio,414.0260456067127,395.5365739720407,160.97721045721454,249.30035390423717
deg2,LR,ImportanceRatio,139.14797119692543,10.776124436429937,192.32727669298637,351.85888930999386
