Degree,Model,Metric,Mean_Value,Mean_Error,Median_Value,Median_Error,StdDev_Value,StdDev_Error
deg10,RF,Spearman,0.7844645405527362,0.0008935054959037181,0.7844645405527362,0.0008935054959037181,0.0,0.0
deg10,RF,KendallTau,0.6629935441317959,0.004677734981047266,0.6629935441317959,0.004677734981047266,0.0,0.0
deg10,RF,PrecisionAtK,0.8000000000000002,,0.8000000000000002,,0.0,
deg10,LR,Spearman,0.026148818018424533,0.7471328086259916,0.02614881801842453,0.6902346080346256,0.010675210253672478,0.10520189158724859
deg10,LR,KendallTau,0.02209978480439319,0.7332741018988932,0.02209978480439319,0.6734260987612419,0.00902219936601278,0.11054820783566667
deg10,LR,PrecisionAtK,0.39999999999999997,,0.4000000000000001,,0.05443310539518172,
