Model,Explainer,Metric,Median,Mean,StdDev,IQR
RF,SHAP,ImportanceRatio,10594.749999999996,10763.235732944606,5175.586117527796,5061.887500000006
RF,LIME,ImportanceRatio,28.26462442049808,27.30932028707797,6.595468451812727,6.538892887988858
RF,PFI,ImportanceRatio,7323.912679764429,7267.223803152439,2519.70623819569,2762.7576167474654
MLP,SHAP,ImportanceRatio,58.783123156823095,63.60331587052417,31.143851609254437,35.263789885018944
MLP,LIME,ImportanceRatio,12.774238895052262,13.28741618679863,5.310678437980526,6.815497939918284
MLP,PFI,ImportanceRatio,508.12668262727,586.8889245089047,386.9311841706305,332.0592286196328
