Model,Explainer,Metric,Median,Mean,StdDev,IQR
RF,SHAP,ImportanceRatio,10670.5,10874.059469568845,5277.753878821368,5138.375000000002
RF,LIME,ImportanceRatio,28.287638392154403,27.33123904203474,6.70456403769752,6.6107232618041
RF,PFI,ImportanceRatio,7410.548313909741,7287.344788159132,2552.4103600218064,2723.1809112545243
MLP,SHAP,ImportanceRatio,59.11797800490304,64.11823252894459,31.547704087593647,34.54897674056317
MLP,LIME,ImportanceRatio,12.363715339930138,13.088441349401588,5.279227959393939,6.7148088068861895
MLP,PFI,ImportanceRatio,509.38207920911196,588.7437110615621,392.8965502767882,330.1900991139929
