Model,Explainer,Metric,Median,Mean,StdDev,IQR
RF,SHAP,ImportanceRatio,10639.625,10851.496859674387,5269.693061419996,5164.187500000004
RF,LIME,ImportanceRatio,28.27669762616198,27.339225663570335,6.686697159996433,6.566925714552347
RF,PFI,ImportanceRatio,7414.592993510978,7296.165434889849,2552.6799143616067,2735.005276960568
MLP,SHAP,ImportanceRatio,59.11222632614961,64.04222012850941,31.488300838637578,34.61221677323019
MLP,LIME,ImportanceRatio,12.409805005451677,13.101157676793997,5.26572755134923,6.68688423935656
MLP,PFI,ImportanceRatio,510.995226151658,589.8997587695665,392.5908290496437,329.5785046396072
