Model,Explainer,Metric,Median,Mean,StdDev,IQR
RF,SHAP,ImportanceRatio,10612.500000000004,10831.304649901334,5259.941213650471,5191.500000000007
RF,LIME,ImportanceRatio,28.265756860169557,27.346738183355217,6.667023991081279,6.49104433340753
RF,PFI,ImportanceRatio,7410.548313909741,7296.3663432652775,2547.210560500435,2739.4255795277604
MLP,SHAP,ImportanceRatio,58.902409449953225,63.8696117633849,31.482102348356296,34.87698337280858
MLP,LIME,ImportanceRatio,12.41700840258573,13.142236270842508,5.3039840911202925,6.692318514113907
MLP,PFI,ImportanceRatio,511.530213979435,589.0377255114852,391.6400962976913,329.3908975131107
