Model,Explainer,Metric,Median,Mean,StdDev,IQR
RF,SHAP,ImportanceRatio,10611.375,10821.758330897872,5248.8939973953675,5191.374999999996
RF,LIME,ImportanceRatio,28.27669762616198,27.346862160198985,6.6529198354435835,6.438875689146673
RF,PFI,ImportanceRatio,7402.193476864412,7293.064376734491,2543.953857259721,2754.3108350181938
MLP,SHAP,ImportanceRatio,58.87920746311281,63.85493813212204,31.44319897817033,34.90047557723735
MLP,LIME,ImportanceRatio,12.469324234213719,13.189117442791696,5.331484147773371,6.823479398219323
MLP,PFI,ImportanceRatio,510.995226151658,589.3395663159764,391.1911148385207,329.7904983135518
