Model,Explainer,Metric,Median,Mean,StdDev,IQR
RF,SHAP,ImportanceRatio,10607.749999999998,10808.751714751015,5236.634481806743,5179.625
RF,LIME,ImportanceRatio,28.265756860169557,27.341639920410437,6.643817774842368,6.4642881048755
RF,PFI,ImportanceRatio,7393.838639819083,7289.51443533757,2539.0741190844756,2753.7109625852972
MLP,SHAP,ImportanceRatio,58.8560054762724,63.818055966655606,31.372583982061325,34.877871567599755
MLP,LIME,ImportanceRatio,12.484768493173888,13.193136284730711,5.3167711087511,6.764435165839316
MLP,PFI,ImportanceRatio,510.46023832388096,589.2443008520482,390.53489885386864,330.1900991139929
