Model,Explainer,Metric,Median,Mean,StdDev,IQR
RF,SHAP,ImportanceRatio,10604.875,10798.811192372998,5223.295717920438,5145.031250000002
RF,LIME,ImportanceRatio,28.27669762616198,27.34664161292279,6.63464230152612,6.489700520604327
RF,PFI,ImportanceRatio,7381.974348144086,7290.104369152996,2536.1104939876705,2761.440446126413
MLP,SHAP,ImportanceRatio,58.783123156823095,63.725056325290794,31.325078839389885,34.94117748743666
MLP,LIME,ImportanceRatio,12.547836802136448,13.21990880799981,5.313290862465708,6.857713240346332
MLP,PFI,ImportanceRatio,509.92115876649643,588.8225240989863,389.64575816570243,330.58969991443394
