Model,Explainer,Metric,Median,Mean,StdDev,IQR
RF,SHAP,ImportanceRatio,10599.0,10775.164119364776,5216.549908698792,5125.125000000007
RF,LIME,ImportanceRatio,28.263491980826604,27.316969078089887,6.6269861860814885,6.503203459318549
RF,PFI,ImportanceRatio,7358.250628681233,7277.973462135539,2533.6039306999014,2791.0320824893124
MLP,SHAP,ImportanceRatio,58.69458939146216,63.53712873421626,31.326417834320683,35.49928191594742
MLP,LIME,ImportanceRatio,12.69112228093726,13.250534512940533,5.318658647589173,6.866443847201868
MLP,PFI,ImportanceRatio,508.9254725649808,587.773129940043,388.7299430374614,330.46981553457823
