Model,Explainer,Metric,Median,Mean,StdDev,IQR
RF,SHAP,ImportanceRatio,10594.749999999996,10764.69538452728,5203.004898669026,5094.343750000007
RF,LIME,ImportanceRatio,28.252596580430023,27.296512216429026,6.622647468049833,6.460822849861692
RF,PFI,ImportanceRatio,7342.1514058003195,7269.393534935042,2531.521157169676,2794.901889899408
MLP,SHAP,ImportanceRatio,58.569264945303985,63.55307552522211,31.26281090374437,35.39584491970236
MLP,LIME,ImportanceRatio,12.718302577404828,13.258910200052602,5.311702335884364,6.860006802875336
MLP,PFI,ImportanceRatio,507.2697921403996,586.2250028681322,388.1079970522114,331.64205348713847
