Model,Explainer,Metric,Median,Mean,StdDev,IQR
RF,SHAP,ImportanceRatio,10566.750000000002,10755.760796453154,5189.337270431153,5090.800000000007
RF,LIME,ImportanceRatio,28.263491980826604,27.29544371497814,6.606043870003157,6.397226390595971
RF,PFI,ImportanceRatio,7321.773176609453,7262.972779395858,2525.8499200486176,2787.967351359266
MLP,SHAP,ImportanceRatio,58.69458939146216,63.49810228167548,31.19365359763051,35.24389357626208
MLP,LIME,ImportanceRatio,12.69112228093726,13.251176849358746,5.297859926399297,6.831074482244254
MLP,PFI,ImportanceRatio,507.21169159124,585.5360887704945,387.4343494521136,331.92261771574226
