Model,Explainer,Metric,Median,Mean,StdDev,IQR
RF,SHAP,ImportanceRatio,10463.625000000002,10680.57469755655,5105.569523076624,4915.875000000013
RF,LIME,ImportanceRatio,28.332330407237876,27.39948559042672,6.452561894596602,6.1893799297703325
RF,PFI,ImportanceRatio,7323.912679764429,7277.492812862601,2473.558653674407,2654.369006666285
MLP,SHAP,ImportanceRatio,57.53090993937013,62.955334595289294,30.56392420868333,33.553742000111065
MLP,LIME,ImportanceRatio,12.972120982436152,13.38439395782286,5.252301354771435,6.718483252342665
MLP,PFI,ImportanceRatio,509.1537758870464,584.2637082760214,378.36889682216605,325.26992168788837
