Model,Explainer,Metric,Median,Mean,StdDev,IQR
RF,SHAP,ImportanceRatio,10566.750000000002,10757.696830022902,5161.0706301920045,5042.500000000002
RF,LIME,ImportanceRatio,28.265756860169557,27.317001887583775,6.578168728058383,6.4217878307981096
RF,PFI,ImportanceRatio,7326.052182919406,7269.106404343538,2513.674508466081,2740.873936104058
MLP,SHAP,ImportanceRatio,58.71024083737378,63.51451727492245,31.08277210574028,35.49928191594742
MLP,LIME,ImportanceRatio,12.807927952423743,13.308276509881157,5.303250918893444,6.828218389926942
MLP,PFI,ImportanceRatio,508.9254725649808,586.3825289475006,385.88427559948155,331.64874531298955
