Model,Explainer,Metric,Median,Mean,StdDev,IQR
RF,SHAP,ImportanceRatio,10500.375000000004,10736.863233231015,5161.847537896535,5045.124999999998
RF,LIME,ImportanceRatio,28.26462442049808,27.31221788936597,6.562247126071969,6.3635869459399785
RF,PFI,ImportanceRatio,7323.912679764429,7265.048132747278,2510.4417902394416,2735.779299371924
MLP,SHAP,ImportanceRatio,58.569264945303985,63.38912484128132,31.046041320255327,35.36759851449612
MLP,LIME,ImportanceRatio,12.824624823989282,13.306481434240123,5.2887767818352325,6.788808785595787
MLP,PFI,ImportanceRatio,508.12668262727,585.8362986198917,385.0618709867152,331.78557308187055
