Model,Explainer,Metric,Median,Mean,StdDev,IQR
RF,SHAP,ImportanceRatio,10467.250000000004,10728.056220322165,5148.869934444932,5007.0
RF,LIME,ImportanceRatio,28.263491980826604,27.308681988107487,6.548099905128371,6.348448221831692
RF,PFI,ImportanceRatio,7321.773176609453,7260.919626788922,2506.542571496397,2726.441700792853
MLP,SHAP,ImportanceRatio,58.123655422049275,63.27003575638128,31.000183705523558,34.82468001644864
MLP,LIME,ImportanceRatio,12.807927952423743,13.29900120341067,5.274666898098929,6.74178682933357
MLP,PFI,ImportanceRatio,507.3278926895592,585.4195922547922,384.1331179416758,331.31902301393234
