Model,Explainer,Metric,Median,Mean,StdDev,IQR
RF,SHAP,ImportanceRatio,10500.375000000004,10729.667966182384,5135.037217191502,4950.874999999998
RF,LIME,ImportanceRatio,28.26462442049808,27.319472807583608,6.532341197454657,6.309004344918854
RF,PFI,ImportanceRatio,7320.190522914087,7260.135168540486,2499.5660466542536,2703.2651029433664
MLP,SHAP,ImportanceRatio,58.28379796059754,63.28346804988888,30.919501045876927,34.21462357814893
MLP,LIME,ImportanceRatio,12.824624823989282,13.339389583102214,5.311498079252049,6.766674349017759
MLP,PFI,ImportanceRatio,508.12668262727,585.4990740179844,383.07760922772883,330.19553659599205
