Model,Explainer,Metric,Median,Mean,StdDev,IQR
RF,SHAP,ImportanceRatio,10467.250000000004,10731.893673042294,5123.121684858161,4944.749999999998
RF,LIME,ImportanceRatio,28.287638392154403,27.338746889518774,6.519118958636884,6.292224494645513
RF,PFI,ImportanceRatio,7318.60786921872,7261.2683634345885,2492.84396293617,2682.1412135871715
MLP,SHAP,ImportanceRatio,58.4439404991458,63.27114435464636,30.86455204535668,33.8897679708582
MLP,LIME,ImportanceRatio,12.919514152120351,13.356714536708413,5.3046086548548566,6.785907876866522
MLP,PFI,ImportanceRatio,507.3278926895592,584.9848763023581,382.08139445971193,329.3726997802335
