Model,Explainer,Metric,Median,Mean,StdDev,IQR
RF,SHAP,ImportanceRatio,10458.625,10686.524880076775,5145.453699104601,4960.187500000002
RF,LIME,ImportanceRatio,28.302444646632186,27.34905279340474,6.502679194419702,6.263697190528454
RF,PFI,ImportanceRatio,7323.912679764429,7263.176899903649,2485.9569359046104,2665.884108450149
MLP,SHAP,ImportanceRatio,58.569264945303985,63.26705677785961,30.781657999429175,33.77810312745981
MLP,LIME,ImportanceRatio,12.880417923837587,13.35508970307079,5.293054521654212,6.764454819603278
MLP,PFI,ImportanceRatio,508.12668262727,585.7550947502938,381.8656428366236,328.77122893727443
