Model,Explainer,Metric,Median,Mean,StdDev,IQR
RF,SHAP,ImportanceRatio,10467.250000000004,10694.76673574489,5132.904206391885,4957.0
RF,LIME,ImportanceRatio,28.31725090110997,27.362206666989767,6.4885777969599765,6.240370500413267
RF,PFI,ImportanceRatio,7326.052182919406,7269.056161644527,2483.7525628376534,2671.303143495824
MLP,SHAP,ImportanceRatio,58.123655422049275,63.17323079937694,30.72631702242677,33.80901324141985
MLP,LIME,ImportanceRatio,12.966093490399897,13.37783412762555,5.2876995413250185,6.77422923166732
MLP,PFI,ImportanceRatio,507.3278926895592,585.1941506005671,380.887597081487,327.6545796584967
