Model,Explainer,Metric,Median,Mean,StdDev,IQR
RF,SHAP,ImportanceRatio,10463.625000000002,10688.882278427971,5121.426100361596,4947.875000000004
RF,LIME,ImportanceRatio,28.302444646632186,27.36549667218002,6.47316266152667,6.213310362244339
RF,PFI,ImportanceRatio,7320.190522914087,7265.113895302799,2477.322683276692,2656.084607386071
MLP,SHAP,ImportanceRatio,57.86887539041176,63.03210656576334,30.708142873410416,33.80921789559441
MLP,LIME,ImportanceRatio,12.978347381319974,13.39281921062161,5.27895486319561,6.776997778236462
MLP,PFI,ImportanceRatio,507.2697921403996,584.4330204591383,380.0016781400671,326.31833695075164
