Model,Explainer,Metric,Median,Mean,StdDev,IQR
RF,SHAP,ImportanceRatio,10467.250000000004,10681.019248939549,5119.488373263181,4941.750000000022
RF,LIME,ImportanceRatio,28.32707286512196,27.39443844577952,6.468223028337328,6.208200316759239
RF,PFI,ImportanceRatio,7321.773176609453,7273.405759681745,2475.5315314223067,2647.6056101669064
MLP,SHAP,ImportanceRatio,57.76688359619421,63.01680827784928,30.63692055323101,33.87714496984603
MLP,LIME,ImportanceRatio,12.966093490399897,13.38287404088773,5.266140688510352,6.7487621778040126
MLP,PFI,ImportanceRatio,508.9254725649808,584.2560647578247,378.9518997616747,324.7457140564567
