Model,Explainer,Metric,Median,Mean,StdDev,IQR
RF,SHAP,ImportanceRatio,11842.625,12515.176106647234,4970.9240209902055,6247.784722221961
RF,LIME,ImportanceRatio,27.96642142528154,27.611551856407083,4.734264168719724,5.155003456738783
RF,PFI,ImportanceRatio,7835.395379644003,8038.230237859573,1847.7377846054378,2750.4568615843027
MLP,SHAP,ImportanceRatio,62.463430217257994,70.22209754908266,30.34251510085371,33.737212279579076
MLP,LIME,ImportanceRatio,13.30144144493391,13.855895673398388,4.493378191894787,6.026663654446729
MLP,PFI,ImportanceRatio,559.7874090228827,678.9248929986533,431.507016238133,395.10753590188796
