Model,Explainer,Metric,Median,Mean,StdDev,IQR
RF,SHAP,ImportanceRatio,12588.0,12822.79242488707,5092.52462583621,6717.500000000004
RF,LIME,ImportanceRatio,27.999692933269635,27.53810360329389,4.410836287821908,4.455673031190582
RF,PFI,ImportanceRatio,7901.5066812262385,8112.66767086731,1882.3174525968252,2903.965170002335
MLP,SHAP,ImportanceRatio,61.22704334036168,68.757769284997,30.098936146263814,32.49151824382088
MLP,LIME,ImportanceRatio,13.441800098817847,14.175484608214525,4.514800071631899,6.032780325587151
MLP,PFI,ImportanceRatio,561.1304041355547,688.6627511561285,446.6132321421763,403.1297063389008
