Model,Explainer,Metric,Median,Mean,StdDev,IQR
RF,SHAP,ImportanceRatio,12401.499999999993,12793.442326065833,5075.249079584502,6576.5000000000055
RF,LIME,ImportanceRatio,28.044798823116253,27.637166713564728,4.4940439150889615,4.601885793336358
RF,PFI,ImportanceRatio,7872.897202486709,8093.929075503495,1881.3779936390897,2901.0232497505467
MLP,SHAP,ImportanceRatio,61.42737845337657,68.98229820344156,30.15279672817345,33.61987382570501
MLP,LIME,ImportanceRatio,13.427568360760308,14.105989925708569,4.538939770213223,6.077552527651838
MLP,PFI,ImportanceRatio,558.2394851637408,685.8411882126175,445.01202022868256,401.9795682156382
