Model,Explainer,Metric,Median,Mean,StdDev,IQR
RF,SHAP,ImportanceRatio,12349.999999999998,12757.118573455806,5060.574904351556,6574.000000000002
RF,LIME,ImportanceRatio,28.085537474464484,27.711198603135312,4.539676572375649,4.665763619106443
RF,PFI,ImportanceRatio,7843.969471549866,8080.238586979588,1877.4928908337652,2874.6873418712166
MLP,SHAP,ImportanceRatio,61.627713566391456,69.17209733339855,30.251992426760616,33.58019413994167
MLP,LIME,ImportanceRatio,13.344548769251979,14.046664551268664,4.550398948660371,6.040279253357486
MLP,PFI,ImportanceRatio,558.4444139102105,684.9850561667616,442.7256776137413,400.0537036282989
