Model,Explainer,Metric,Median,Mean,StdDev,IQR
RF,SHAP,ImportanceRatio,12335.874999999996,12713.939563809114,5050.899319868542,6582.75
RF,LIME,ImportanceRatio,28.044798823116253,27.655935129651247,4.547741475450544,4.739428916200989
RF,PFI,ImportanceRatio,7844.527046864914,8084.412541590538,1872.8146461771535,2872.372633240234
MLP,SHAP,ImportanceRatio,61.740757400975625,69.35861529110707,30.351694349316553,33.54039322549907
MLP,LIME,ImportanceRatio,13.341985865835975,14.04273439871299,4.5458772195554005,6.0580373778311944
MLP,PFI,ImportanceRatio,559.7874090228827,685.6785562689627,441.22180050502647,399.45160352249496
