Model,Explainer,Metric,Median,Mean,StdDev,IQR
RF,SHAP,ImportanceRatio,12285.999999999996,12690.505112260245,5029.406655449516,6571.5
RF,LIME,ImportanceRatio,28.085537474464484,27.741924007190615,4.612097185619068,4.735925847151801
RF,PFI,ImportanceRatio,7843.969471549866,8070.120186358403,1872.392576404966,2861.3259480987617
MLP,SHAP,ImportanceRatio,62.17838476911125,69.76471978444428,30.48277373332429,34.09039067903217
MLP,LIME,ImportanceRatio,13.325077083964743,13.9856184542835,4.556013185123785,6.1732823099365906
MLP,PFI,ImportanceRatio,558.4444139102105,683.6992232057618,439.38710588040897,398.9166372802534
