Model,Explainer,Metric,Median,Mean,StdDev,IQR
RF,SHAP,ImportanceRatio,12002.25,12654.915649285314,5018.6355745372675,6524.125
RF,LIME,ImportanceRatio,28.189973110867584,27.822799865925084,4.667906664521772,4.764184837171118
RF,PFI,ImportanceRatio,7843.08776730992,8057.611755723624,1872.7390633378575,2857.0014036734838
MLP,SHAP,ImportanceRatio,62.32635153462411,70.16194675699404,30.595235184937312,34.19021097133162
MLP,LIME,ImportanceRatio,13.31571003615975,13.926815855997726,4.568407231081271,6.186636790284874
MLP,PFI,ImportanceRatio,558.2394851637408,683.3466041519118,437.95598785808886,398.5314503775975
