Model,Explainer,Metric,Median,Mean,StdDev,IQR
RF,SHAP,ImportanceRatio,11939.750000000004,12620.105092763471,5005.654268061377,6543.624999999998
RF,LIME,ImportanceRatio,28.085537474464484,27.74405886731281,4.710792827724098,4.938204049528299
RF,PFI,ImportanceRatio,7842.206063069973,8049.62108849149,1865.753925505205,2809.0393549801156
MLP,SHAP,ImportanceRatio,62.471693243462255,70.16181800203687,30.463942140833435,33.90529759565776
MLP,LIME,ImportanceRatio,13.312463968899877,13.909939100940877,4.548503186584075,6.114373959752605
MLP,PFI,ImportanceRatio,561.1304041355547,682.879406349032,435.7168025538823,396.94724266018807
