Model,Explainer,Metric,Median,Mean,StdDev,IQR
RF,SHAP,ImportanceRatio,11894.6875,12599.864224469968,4984.8504699204,6412.875000000002
RF,LIME,ImportanceRatio,28.044798823116253,27.669858879969887,4.748273510361563,5.12849325579527
RF,PFI,ImportanceRatio,7835.395379644003,8038.932302873763,1861.631471316674,2762.2977007910376
MLP,SHAP,ImportanceRatio,62.84195194438048,70.48860084273407,30.55406885746025,33.89560587439446
MLP,LIME,ImportanceRatio,13.30814532094886,13.886704510990052,4.531125590615964,6.091132548467504
MLP,PFI,ImportanceRatio,565.8190835068899,682.2691580434933,433.53648425206126,395.29962866516917
