Model,Explainer,Metric,Median,Mean,StdDev,IQR
RF,SHAP,ImportanceRatio,11881.999999999998,12559.178727253098,4976.309463779023,6263.499999999996
RF,LIME,ImportanceRatio,28.020800898624394,27.664683613013345,4.727288964175583,5.0309260062054335
RF,PFI,ImportanceRatio,7842.206063069973,8041.692180070374,1855.8874860199646,2760.275563510916
MLP,SHAP,ImportanceRatio,62.471693243462255,70.28889982302078,30.475885383348675,34.241468227815126
MLP,LIME,ImportanceRatio,13.30576508515557,13.87336167457177,4.511813598466056,6.067790957238509
MLP,PFI,ImportanceRatio,561.1304041355547,679.0710427563754,432.6061203682248,395.0828693461194
