,Variable1,Variable2,Variable3,Variable4,Variable5,Variable6,Variable7,Variable8,Variable9,Variable10,Variable11,Variable12,Variable13,Variable14
RF,0.21431350985845343,0.21788909286391317,0.21900329701042892,0.2685009142852577,0.0,0.0003651098555439189,0.00022059833870117406,0.0,0.0,0.0,1.416074970617016e-05,0.0,0.0,1.7791655986196416e-05
LR,-0.07606582499804804,-0.03939702204333692,-0.02501562729787711,0.24611509593047853,1.125749127723802,-0.1441692835384889,-0.43230106819671776,1.641712411380073,1.253988546587659,-1.3263153708099926,0.9411776640958773,1.0331877817472062,1.6419028656100552,-0.4630125388032277
