Degree,Model,Metric,Mean,Median,StdDev,IQR
deg2,RF,ImportanceRatio,2096.756086498742,2375.039767087293,720.0377158569884,533.6654433852032
deg2,LR,ImportanceRatio,592.6669056400385,0.034412060849714626,8632.084809975317,370.1546832008902
