Degree,Model,Metric,Mean_Value,Mean_Error,Median_Value,Median_Error,StdDev_Value,StdDev_Error
deg10,RF,Spearman,0.7918053724987906,0.0010884371757951517,0.7915151559667928,0.0007519036073294217,0.03364325660193103,0.0012895881861746366
deg10,RF,KendallTau,0.6860636107837843,0.0046969522144656205,0.6805861122629266,0.004327511369627911,0.042908288071051105,0.002167674557750247
deg10,RF,PrecisionAtK,0.7964444444444445,,0.8000000000000002,,0.030097783028154704,
deg10,LR,Spearman,-0.015122733087322189,0.5876110174365384,0.0,0.6271033293866662,0.22211061727390022,0.26562683321029495
deg10,LR,KendallTau,-0.012781042211874065,0.5748475100192042,0.0,0.6084419635330842,0.1877177332094139,0.2662291614921093
deg10,LR,PrecisionAtK,0.2657777777777778,,0.20000000000000004,,0.1565340652389981,
