	Variable1	Variable2	Variable3	Variable4	Variable5	Variable6	Variable7	Variable8	Variable9	Variable10	Variable11	Variable12	Variable13	Variable14
RF	0.21431351	0.217889093	0.219003297	0.268500914	0	0.00036511	0.000220598	0	0	0	1.42E-05	0	0	1.78E-05
LR	-0.076065825	-0.039397022	-0.025015627	0.246115096	1.125749128	-0.144169284	-0.432301068	1.641712411	1.253988547	-1.326315371	0.941177664	1.033187782	1.641902866	-0.463012539
