Model,Explainer,Metric,Median,Mean,StdDev,IQR
RF,SHAP,ImportanceRatio,10630.999999999996,23455547510140.707,703275390535494.4,4780.8125
RF,LIME,ImportanceRatio,28.04077780592401,27.33093498957998,5.944416847083545,6.36773368339998
RF,PFI,ImportanceRatio,7499.384918851776,38381.15153064079,302535.9880298425,2906.5616703829555
MLP,SHAP,ImportanceRatio,59.666354859627035,65.39005575271338,30.12359872518758,34.16640602741562
MLP,LIME,ImportanceRatio,12.880417923837587,13.574548524019857,5.3518201335089035,6.712265234293515
MLP,PFI,ImportanceRatio,517.6636542911892,597.8110665451753,366.7396916534874,310.9904771516083
