Variable,RF,MLP
1,0.5521287607040488,0.5423222454295353
2,0.429566384743333,0.40977674935027275
3,1.0250225500722037,0.9481893607998046
4,1.2970668081934187,1.2493907425887985
5,0.0,0.0011910951478867338
6,0.0,0.0012500662131315343
7,0.0,0.0012632885220219547
8,0.0,0.0013882538937093347
9,0.0,0.0014129079603545647
10,0.0,0.001510071725104506
11,0.0,0.0014110489614987676
12,0.0,0.0012977687350092804
13,0.0,0.0012736657588629519
14,0.0,0.001340546643885665
