,RF,MLP
0,0.7739500000000002,0.7335677787863468
1,1.220675,1.2328438691298382
2,1.2760249999999995,1.1797033127168552
3,2.8820000000000006,2.9017619735819293
4,0.0,0.018440573565142393
5,0.0,0.014930687409641154
6,0.0,0.018136095929772025
7,0.0,0.015586326835359522
8,0.0,0.01660432601926029
9,0.0,0.01781737193303079
10,0.0,0.01855525586481127
11,0.0,0.018809752155730275
12,0.0,0.014974403538458674
13,0.0,0.018019278835978703
