Model,Explainer,Metric,Median,Mean,StdDev,IQR
RF,SHAP,ImportanceRatio,12928.999999999995,13130.044747575459,5240.462322625912,7234.625000000002
RF,LIME,ImportanceRatio,27.74837080514825,27.341191691630897,4.372500091191256,4.012305174149461
RF,PFI,ImportanceRatio,7845.084622179961,8122.771413438528,1941.6131166206903,3000.388256209958
MLP,SHAP,ImportanceRatio,62.471693243462255,70.52418543891815,30.829242257602214,33.276862306249285
MLP,LIME,ImportanceRatio,13.48557234012973,14.26004119429342,4.618977119591311,6.330982332911059
MLP,PFI,ImportanceRatio,553.8209861924905,693.0472734186263,466.4578993193756,424.47596224445147
