Model,Explainer,Metric,Median,Mean,StdDev,IQR
RF,SHAP,ImportanceRatio,12630.875000000004,12859.783637015445,5107.197274587499,6739.837500002406
RF,LIME,ImportanceRatio,28.044798823116253,27.61532310313165,4.3627285037075625,4.458676126339352
RF,PFI,ImportanceRatio,7912.475640838922,8123.014516241246,1887.263181888244,2904.69848762963
MLP,SHAP,ImportanceRatio,60.92715647199057,68.68345327203487,30.233712455644234,32.04622711345696
MLP,LIME,ImportanceRatio,13.46368621947379,14.182176559448225,4.5311064351056665,6.024068778943523
MLP,PFI,ImportanceRatio,562.8762136607878,690.8316683661452,448.4589420370972,408.1269749502676
