Model,Explainer,Metric,Median,Mean,StdDev,IQR
RF,SHAP,ImportanceRatio,12893.875000000002,13071.559784529145,5263.11157977785,7226.0
RF,LIME,ImportanceRatio,27.78060832959947,27.38459499970837,4.367312843388363,3.994450319651577
RF,PFI,ImportanceRatio,7901.1082320098485,8132.5818431529315,1933.2780017879727,2987.082121520717
MLP,SHAP,ImportanceRatio,62.32635153462411,70.45145210581866,30.780972215796034,33.35941119141541
MLP,LIME,ImportanceRatio,13.603902145344364,14.271904088594086,4.59199727683385,6.27377373354382
MLP,PFI,ImportanceRatio,556.0150105578164,696.3747732784375,464.83495036383914,432.72214545431837
