Model,Explainer,Metric,Median,Mean,StdDev,IQR
RF,SHAP,ImportanceRatio,12870.5,13013.398421663333,5258.423603050111,7391.450000003217
RF,LIME,ImportanceRatio,27.788942093407424,27.398661051839827,4.372789681430796,4.018177034590128
RF,PFI,ImportanceRatio,7900.709782793458,8127.713369865705,1930.004388086233,2997.0606519950134
MLP,SHAP,ImportanceRatio,62.17838476911125,70.0987829273078,30.76314207345833,34.03821420629891
MLP,LIME,ImportanceRatio,13.48557234012973,14.230054038983216,4.581883450238484,6.223827086891596
MLP,PFI,ImportanceRatio,558.0345564172711,694.8288272677041,462.25542875049734,428.326238978887
