Model,Explainer,Metric,Median,Mean,StdDev,IQR
RF,SHAP,ImportanceRatio,12812.25,12972.936337278452,5240.575476260845,7281.931250002413
RF,LIME,ImportanceRatio,27.84073795227161,27.447563830103732,4.372766144395316,4.028166329781403
RF,PFI,ImportanceRatio,7912.475640838922,8133.028328662919,1919.636737083405,2967.1250605721234
MLP,SHAP,ImportanceRatio,61.740757400975625,69.78122603542504,30.731652543953786,34.11613225539962
MLP,LIME,ImportanceRatio,13.53667934396297,14.255925262249267,4.5755431810547895,6.239112224019157
MLP,PFI,ImportanceRatio,558.2394851637408,694.8229652892792,459.7993972293664,428.6071492283583
