Model,Explainer,Metric,Median,Mean,StdDev,IQR
RF,SHAP,ImportanceRatio,12782.250000000005,12957.415517624195,5213.038420016389,7145.537500001608
RF,LIME,ImportanceRatio,27.933149917293438,27.51390567167859,4.393541072882336,4.292330813702414
RF,PFI,ImportanceRatio,7958.36853153681,8151.284725912294,1917.0082667097224,2963.787590629947
MLP,SHAP,ImportanceRatio,61.85380123555979,69.79239059996465,30.565888533518105,33.98348495846315
MLP,LIME,ImportanceRatio,13.553746233102803,14.256249136127382,4.550676878882386,6.161724429616136
MLP,PFI,ImportanceRatio,561.1304041355547,695.9515058124166,457.30194947717604,428.3348164500736
