Model,Explainer,Metric,Median,Mean,StdDev,IQR
RF,SHAP,ImportanceRatio,12756.500000000004,12947.064755791358,5184.471266158245,7009.812500000004
RF,LIME,ImportanceRatio,28.010246915947015,27.555718120346388,4.389112576087985,4.335151871560413
RF,PFI,ImportanceRatio,7963.793851066993,8157.511167436446,1907.3712472260027,2950.5672642719637
MLP,SHAP,ImportanceRatio,61.740757400975625,69.61160139155223,30.443167377151283,33.84198739408083
MLP,LIME,ImportanceRatio,13.502592397476434,14.200982179899887,4.553373955592621,6.188628265134735
MLP,PFI,ImportanceRatio,562.8762136607878,693.9202666754387,455.1548559806623,423.71712494179934
