Model,Explainer,Metric,Median,Mean,StdDev,IQR
RF,SHAP,ImportanceRatio,12730.750000000002,12932.254624498737,5161.9828963009795,6855.5000000000055
RF,LIME,ImportanceRatio,28.06879674760811,27.615177384477494,4.403222105441828,4.384628291651357
RF,PFI,ImportanceRatio,7966.047399229231,8157.392656718991,1899.1376911515842,2937.0819434286404
MLP,SHAP,ImportanceRatio,61.627713566391456,69.4282626914076,30.363828059413446,33.57330869852987
MLP,LIME,ImportanceRatio,13.48557234012973,14.171672782866683,4.537861814687368,6.18345547969002
MLP,PFI,ImportanceRatio,567.0161438277588,694.8989214419964,452.79565386904204,427.0002118451611
