Model,Explainer,Metric,Median,Mean,StdDev,IQR
RF,SHAP,ImportanceRatio,12690.75,12904.513568159737,5143.724379640154,6864.468749999991
RF,LIME,ImportanceRatio,28.010246915947015,27.590101076187864,4.384711838084991,4.380971517892405
RF,PFI,ImportanceRatio,7959.9544172207825,8139.61619688851,1896.9370334019552,2912.3453638603823
MLP,SHAP,ImportanceRatio,61.13854909353819,69.04244747762566,30.421102205020727,33.66500109547869
MLP,LIME,ImportanceRatio,13.438310199859073,14.136436978600585,4.524570414154021,6.077552527651838
MLP,PFI,ImportanceRatio,562.8762136607878,691.3129397027519,451.4615943394389,415.6580730265785
