Model,Explainer,Metric,Median,Mean,StdDev,IQR
RF,SHAP,ImportanceRatio,12677.749999999998,12894.964726569926,5123.74688762937,6784.312499999985
RF,LIME,ImportanceRatio,28.020800898624394,27.61306403839537,4.36780307979218,4.433993514776688
RF,PFI,ImportanceRatio,7923.444600451607,8129.60907962825,1889.1406880051309,2890.6561125571925
MLP,SHAP,ImportanceRatio,61.050054846714694,68.79079482261635,30.378773978263595,33.13873201700706
MLP,LIME,ImportanceRatio,13.48557234012973,14.180860160236175,4.549324455988247,6.053661701673329
MLP,PFI,ImportanceRatio,561.1304041355547,689.7400619910507,449.1849382252351,407.2825286906883
