Model,Explainer,Metric,Median,Mean,StdDev,IQR
RF,SHAP,ImportanceRatio,10907.999999999996,11103.8807137441,5812.191062824258,6510.3750000000055
RF,LIME,ImportanceRatio,27.788942093407424,26.460287363012263,6.891546687152924,5.913540408602074
RF,PFI,ImportanceRatio,7658.815388850655,7416.996767967688,2832.4243064226876,2905.3171389671143
MLP,SHAP,ImportanceRatio,58.71024083737378,63.24461498441877,32.912430853921734,33.28502270834946
MLP,LIME,ImportanceRatio,12.978546288167541,13.222531306484298,5.006314157801021,6.426903574718349
MLP,PFI,ImportanceRatio,543.3338639667998,621.1385270101381,438.7791319425926,400.4381778873261
