Model,Explainer,Metric,Median,Mean,StdDev,IQR
RF,SHAP,ImportanceRatio,10739.375,11029.702305356688,5661.033060168492,6102.062499999993
RF,LIME,ImportanceRatio,27.681837761371327,26.384725704880918,6.729522643834457,6.090306359119676
RF,PFI,ImportanceRatio,7597.161621538994,7326.472938642579,2773.7643087648644,2890.2599939358442
MLP,SHAP,ImportanceRatio,57.31848094514042,62.67191551894606,32.43867102871664,33.416300085572644
MLP,LIME,ImportanceRatio,13.30814532094886,13.59615213458601,5.262609527087488,6.47007256798442
MLP,PFI,ImportanceRatio,528.8094612124996,612.368101505335,428.1409239775516,387.792043118367
