Model,Explainer,Metric,Median,Mean,StdDev,IQR
RF,SHAP,ImportanceRatio,10862.874999999996,11089.444533030352,5792.802407920522,6466.375000000004
RF,LIME,ImportanceRatio,27.760322685469884,26.43295420738402,6.8712940154551925,6.059247970281664
RF,PFI,ImportanceRatio,7635.875663703524,7396.272855761008,2830.258120381829,2929.5515235687344
MLP,SHAP,ImportanceRatio,58.40912240675571,63.05499818960302,32.85789382384683,33.25678091199523
MLP,LIME,ImportanceRatio,13.055352118005027,13.282237832130761,5.0506658290420585,6.386616383651468
MLP,PFI,ImportanceRatio,538.4481135716599,619.0883256019494,437.6272040846432,402.2722739508656
