Model,Explainer,Metric,Median,Mean,StdDev,IQR
RF,SHAP,ImportanceRatio,10892.749999999996,11092.244441975903,5771.814217310607,6387.249999999998
RF,LIME,ImportanceRatio,27.772274565791516,26.456724673763606,6.854051436826175,5.916048038020566
RF,PFI,ImportanceRatio,7635.806655945241,7395.00897318068,2819.125587096556,2900.1256261161334
MLP,SHAP,ImportanceRatio,58.123655422049275,62.9575916586059,32.76160947567061,32.72427190783239
MLP,LIME,ImportanceRatio,13.101312655811105,13.303283236567784,5.038767116980155,6.421783442923667
MLP,PFI,ImportanceRatio,536.7958183938388,618.349276435452,436.24340133270476,402.59423911591784
