Model,Explainer,Metric,Median,Mean,StdDev,IQR
RF,SHAP,ImportanceRatio,10862.874999999996,11073.5395136804,5755.267880528185,6315.812499999996
RF,LIME,ImportanceRatio,27.730543329012203,26.408693877653437,6.851358957445574,6.1291900052888195
RF,PFI,ImportanceRatio,7624.670534919446,7377.299810355945,2814.9355288264255,2929.558876433349
MLP,SHAP,ImportanceRatio,57.70882290659385,62.750987632117116,32.732004704621055,32.69207736175389
MLP,LIME,ImportanceRatio,13.014107465145225,13.2914009002138,5.020896137325216,6.375804182420854
MLP,PFI,ImportanceRatio,530.2645710573948,615.8710112996155,435.37517858783144,401.649380323378
