Model,Explainer,Metric,Median,Mean,StdDev,IQR
RF,SHAP,ImportanceRatio,10821.999999999987,11054.999197570956,5736.948891511753,6272.375
RF,LIME,ImportanceRatio,27.712715852876155,26.396429619826964,6.8302186817415285,6.134570786971231
RF,PFI,ImportanceRatio,7619.2151745956,7365.283037862842,2809.048335680032,2933.246336450409
MLP,SHAP,ImportanceRatio,57.412473176268,62.58163304942949,32.65584987592034,32.73717728257587
MLP,LIME,ImportanceRatio,13.101312655811105,13.31719965268029,5.0104393865112336,6.3755200618526295
MLP,PFI,ImportanceRatio,527.5176452268526,614.1863611941059,434.06095888566944,397.1170592809439
