Model,Explainer,Metric,Median,Mean,StdDev,IQR
RF,SHAP,ImportanceRatio,10785.562499999996,11050.476386479124,5714.4038287296935,6227.750000000002
RF,LIME,ImportanceRatio,27.701235623040034,26.398689394041007,6.804775874406264,6.098626736250175
RF,PFI,ImportanceRatio,7614.658153361858,7352.934981161363,2801.596364083091,2916.8708954358253
MLP,SHAP,ImportanceRatio,57.31848094514042,62.498072718844,32.55624371303125,32.6622780848775
MLP,LIME,ImportanceRatio,13.145989205406277,13.441240588470126,5.205222412306351,6.40930812063054
MLP,PFI,ImportanceRatio,525.8274953221301,614.1200328486349,432.68814617545627,398.679218646649
