Model,Explainer,Metric,Median,Mean,StdDev,IQR
RF,SHAP,ImportanceRatio,10821.374999999995,11058.544813882174,5693.231810400158,6182.749999999993
RF,LIME,ImportanceRatio,27.712715852876155,26.40704042504742,6.78061294494449,6.084401402250737
RF,PFI,ImportanceRatio,7618.842625271679,7355.569442853343,2791.1342988288734,2887.6819299835815
MLP,SHAP,ImportanceRatio,57.412473176268,62.623887606757876,32.52765336237751,32.78383844830784
MLP,LIME,ImportanceRatio,13.22410411256258,13.495720951582802,5.232175737702899,6.407719193917799
MLP,PFI,ImportanceRatio,530.1012771981468,614.138922097236,430.99656371474236,392.0252516652148
