Model,Explainer,Metric,Median,Mean,StdDev,IQR
RF,SHAP,ImportanceRatio,10827.499999999993,11083.795765857052,5678.137738160628,6168.312499999998
RF,LIME,ImportanceRatio,27.730543329012203,26.429994651922048,6.763141683939397,5.9441319872733835
RF,PFI,ImportanceRatio,7614.658153361858,7354.3998478412395,2781.5564275040506,2886.8533673120164
MLP,SHAP,ImportanceRatio,57.70882290659385,62.87762581440645,32.58146353843126,33.415916840725345
MLP,LIME,ImportanceRatio,13.28831558931217,13.562778022525917,5.283572902509457,6.4880819993710155
MLP,PFI,ImportanceRatio,530.2645710573948,615.3723962105465,430.461865852956,392.43379806787374
