Model,Explainer,Metric,Median,Mean,StdDev,IQR
RF,SHAP,ImportanceRatio,10821.374999999995,11060.432038989944,5663.0176384058805,6182.249999999991
RF,LIME,ImportanceRatio,27.68975539320391,26.4021513537947,6.749407863316754,5.988696646938845
RF,PFI,ImportanceRatio,7605.515811537762,7334.624328650837,2780.5619054024064,2895.821222527672
MLP,SHAP,ImportanceRatio,57.412473176268,62.664461244197305,32.54636147887239,33.432297656888366
MLP,LIME,ImportanceRatio,13.30576508515557,13.597463149984332,5.280188947349773,6.554186123936784
MLP,PFI,ImportanceRatio,530.1012771981468,613.7405756628234,429.40606269147077,388.73043975579276
