Model,Explainer,Metric,Median,Mean,StdDev,IQR
RF,SHAP,ImportanceRatio,9500.0,10257.333333333334,1149.6901998171302,1246.0
RF,LIME,ImportanceRatio,33.27465736759594,33.10172812926414,1.379042371871197,1.6823223246517571
RF,PFI,ImportanceRatio,6191.240449438202,6234.988074908496,867.4637054622862,1061.7459815750763
MLP,SHAP,ImportanceRatio,75.99427843146881,71.79195774014381,11.450197730484144,13.54311329444684
MLP,LIME,ImportanceRatio,7.188766287319971,7.079599023842644,0.47467992661230934,0.5736230735697925
MLP,PFI,ImportanceRatio,456.41483011650274,451.663259212286,71.52921757373912,87.50834463366118
