Model,Explainer,Metric,Median,Mean,StdDev,IQR
RF,SHAP,ImportanceRatio,9413.375,8209.507702991255,3226.476420119489,2313.0625
RF,LIME,ImportanceRatio,28.247215653071773,28.330232024068,5.5484155698165685,6.958192733020269
RF,PFI,ImportanceRatio,7647.380030156231,7577.6557550362895,1584.0037366699685,1930.8882343435216
MLP,SHAP,ImportanceRatio,72.78369906748712,72.97915756634885,22.784859683728207,29.257689099990493
MLP,LIME,ImportanceRatio,10.961941249216702,11.720426858528723,4.311035241115547,6.1229554939394
MLP,PFI,ImportanceRatio,556.0150105578164,573.7287361369586,197.67007928157614,238.48568975453304
