Model,Explainer,Metric,Median,Mean,StdDev,IQR
RF,SHAP,ImportanceRatio,9568.399999998392,8851.063888888364,3289.53389443401,1185.637499999195
RF,LIME,ImportanceRatio,30.699670268567377,29.468930372763193,4.709089218374654,5.033051419227753
RF,PFI,ImportanceRatio,6280.45270623622,6632.44437067076,1229.6451661160222,1224.3961107665245
MLP,SHAP,ImportanceRatio,75.16570655170955,69.07203900242585,12.274157868319048,15.01960132202128
MLP,LIME,ImportanceRatio,8.451137497460337,8.399689231951323,1.3931595546830222,2.213386673793239
MLP,PFI,ImportanceRatio,454.1442592705689,518.5082745358363,241.9972044814188,132.3978023734586
