Model,Explainer,Metric,Median,Mean,StdDev,IQR
RF,SHAP,ImportanceRatio,9390.000000000002,8085.301139600787,3652.4281371326197,467.0499999967833
RF,LIME,ImportanceRatio,29.737888278153765,28.97305110467522,4.052088942368646,4.346838432234808
RF,PFI,ImportanceRatio,6496.836354774849,7443.707116733839,1874.751794348109,2783.242027431267
MLP,SHAP,ImportanceRatio,74.89639540481849,65.95827942759423,13.64068968947608,25.71049731005293
MLP,LIME,ImportanceRatio,9.571615831186579,9.603151517262408,2.0857392539558455,3.8011474525419544
MLP,PFI,ImportanceRatio,456.41483011650274,533.383193927517,218.69596811365952,179.90082185847314
