Model,Explainer,Metric,Median,Mean,StdDev,IQR
RF,SHAP,ImportanceRatio,9445.0,8384.28835470059,3239.695906766243,1004.6249999999982
RF,LIME,ImportanceRatio,29.90214381492102,29.75215524513506,3.936794574161268,4.960984036213343
RF,PFI,ImportanceRatio,6429.989318410544,7047.539173185105,1791.3715523940823,1718.3857148933603
MLP,SHAP,ImportanceRatio,75.71464806503471,71.24461782740728,15.017768624719313,28.592611075649515
MLP,LIME,ImportanceRatio,8.451137497460337,8.833511377932453,2.253460898361227,3.6860569934040157
MLP,PFI,ImportanceRatio,422.3214191962536,488.75440752150786,205.37479304525846,175.9805225503602
