Model,Explainer,Metric,Median,Mean,StdDev,IQR
RF,SHAP,ImportanceRatio,9492.499999999998,8395.905683760462,3010.8859918760945,1317.7499999999982
RF,LIME,ImportanceRatio,28.814201586663017,29.143420175623937,3.75653134785371,5.63864018208427
RF,PFI,ImportanceRatio,6496.836354774849,7344.828673922602,1847.0611173029192,2245.431783305188
MLP,SHAP,ImportanceRatio,75.4350176986006,72.0977392072652,13.807667118194633,20.178413301931897
MLP,LIME,ImportanceRatio,9.571615831186579,10.007384017141304,3.225336317143073,5.088023070510822
MLP,PFI,ImportanceRatio,451.87368842463513,495.54817146196984,186.13681637123844,185.8540723792188
