Model,Explainer,Metric,Median,Mean,StdDev,IQR
RF,SHAP,ImportanceRatio,9496.25,8765.074180911495,2896.3657545926776,830.8125
RF,LIME,ImportanceRatio,28.476835680547666,27.74633761990094,4.686607136710107,5.548081892540523
RF,PFI,ImportanceRatio,6789.135351341913,7339.487375866672,1712.95614273551,1628.4824099100733
MLP,SHAP,ImportanceRatio,75.71464806503471,76.44764577566474,18.54707798358582,13.110032800683612
MLP,LIME,ImportanceRatio,10.023310893339218,10.247623969297711,3.056085559560835,5.140180846535922
MLP,PFI,ImportanceRatio,496.6053242551708,537.5092385812152,216.37292353814817,189.62897281410113
