Model,Explainer,Metric,Median,Mean,StdDev,IQR
RF,SHAP,ImportanceRatio,9436.749999999996,8596.718345543186,2713.306925493749,2270.0
RF,LIME,ImportanceRatio,28.32707286512196,27.8608615359526,4.3541722521604225,4.452533535633727
RF,PFI,ImportanceRatio,7318.60786921872,7507.298294030477,1693.5493695721295,1574.6541655969204
MLP,SHAP,ImportanceRatio,74.89639540481849,72.9384082585242,19.900832891048726,27.247861557298442
MLP,LIME,ImportanceRatio,11.149115062407036,11.114672674477037,3.5509309292514564,5.836181835226526
MLP,PFI,ImportanceRatio,536.7958183938388,543.3928630199914,201.72184923355573,204.7162605056604
