Model,Explainer,Metric,Median,Mean,StdDev,IQR
RF,SHAP,ImportanceRatio,9389.000000000002,7783.274212072513,3410.759419999853,2784.7187500000427
RF,LIME,ImportanceRatio,28.247215653071773,28.010096513635787,4.226290653021658,4.309668492391744
RF,PFI,ImportanceRatio,7647.380030156231,7657.759280621606,1671.7488123668059,2229.634307398116
MLP,SHAP,ImportanceRatio,72.78369906748712,69.84098002943317,20.813351442347685,31.657925806270214
MLP,LIME,ImportanceRatio,11.526039894590664,12.239251580678507,4.543770130509675,6.751887724257864
MLP,PFI,ImportanceRatio,553.9082254454261,562.7138281345593,197.12214323883524,188.57899698581627
