Model,Explainer,Metric,Median,Mean,StdDev,IQR
RF,SHAP,ImportanceRatio,9390.000000000002,8094.641892212605,3369.356789707682,2454.125000000002
RF,LIME,ImportanceRatio,28.78631292007374,29.117971392327913,5.127577327678328,6.946614447889935
RF,PFI,ImportanceRatio,7635.944671461807,7616.571572023319,1592.3228867399425,1791.24091862169
MLP,SHAP,ImportanceRatio,73.11795734980079,72.61981646143224,22.879929770567927,29.210587226843188
MLP,LIME,ImportanceRatio,11.149115062407036,11.731542120864274,4.518501260426864,7.059796665889127
MLP,PFI,ImportanceRatio,553.9954646983615,571.198791721731,191.19141871664425,174.6234054930494
