Model,Explainer,Metric,Median,Mean,StdDev,IQR
RF,SHAP,ImportanceRatio,233.34431137724815,283.3569986338607,103.96523063468395,134.39541409684378
RF,LIME,ImportanceRatio,4.5220260575543465,4.5316057610105265,0.11214017190366565,0.19260897835811086
RF,PFI,ImportanceRatio,5519.236340295231,6559.740799243509,2358.2040534026332,4186.580662305325
MLP,SHAP,ImportanceRatio,375.073655971457,422.55259013649936,103.6478319100638,185.40120443490474
MLP,LIME,ImportanceRatio,6.030614549691555,6.054305419546708,0.13606609141421644,0.19791422759371358
MLP,PFI,ImportanceRatio,9596.855711051989,9599.91329987229,347.2128614085721,670.7851705449157
