Model,Explainer,Metric,Median,Mean,StdDev,IQR
RF,SHAP,ImportanceRatio,10862.874999999996,11003.000034374263,5381.128803508209,5493.9062499999945
RF,LIME,ImportanceRatio,28.202664176745625,27.097972996984645,6.749966549973781,6.298368496851442
RF,PFI,ImportanceRatio,7488.080953925415,7314.97450673603,2617.8270654951557,2756.8422494238775
MLP,SHAP,ImportanceRatio,58.702415114417974,63.50266716146807,32.02350395884043,34.213354560272215
MLP,LIME,ImportanceRatio,12.824624823989282,13.342803902452838,5.278765869472841,6.65822821366063
MLP,PFI,ImportanceRatio,517.6636542911892,597.0895701116104,404.2079447661179,354.51723364056636
