Model,Explainer,Metric,Median,Mean,StdDev,IQR
RF,SHAP,ImportanceRatio,10952.249999999998,11115.522515577088,5471.234841151692,5662.9999999999945
RF,LIME,ImportanceRatio,27.999692933269635,26.725579053972552,6.634189612483753,5.832367326254044
RF,PFI,ImportanceRatio,7581.434289267115,7337.782002912142,2681.0895665781745,2776.4295888109027
MLP,SHAP,ImportanceRatio,57.14719595801144,62.156937548579975,31.734439118288698,32.7859314751406
MLP,LIME,ImportanceRatio,13.30576508515557,13.671975839917963,5.261308942103991,6.46296513054725
MLP,PFI,ImportanceRatio,518.359689695169,600.707524661761,415.0433582513198,372.4726957800118
