Model,Explainer,Metric,Median,Mean,StdDev,IQR
RF,SHAP,ImportanceRatio,10946.875000000004,11112.617427439222,5453.000832950009,5608.124999999993
RF,LIME,ImportanceRatio,28.044798823116253,26.799197522121627,6.6721056282321305,5.883490323958387
RF,PFI,ImportanceRatio,7573.722787576944,7334.412340920441,2673.9997808036833,2777.1359151935358
MLP,SHAP,ImportanceRatio,57.31848094514042,62.38099074533902,31.788579939005675,32.7884943580592
MLP,LIME,ImportanceRatio,13.28831558931217,13.629915966778643,5.26694551287994,6.451685098719203
MLP,PFI,ImportanceRatio,518.4805518690102,600.5562551577617,413.66835228043084,368.62696269454426
