Model,Explainer,Metric,Median,Mean,StdDev,IQR
RF,SHAP,ImportanceRatio,10952.249999999998,11105.67021932193,5436.625279669379,5609.4999999999945
RF,LIME,ImportanceRatio,28.06879674760811,26.83606709283499,6.67382753369799,5.8848704155916
RF,PFI,ImportanceRatio,7549.703725979839,7327.356793187157,2666.119039516782,2774.409301792167
MLP,SHAP,ImportanceRatio,57.412473176268,62.55540797965402,31.95782518859879,33.0645915180659
MLP,LIME,ImportanceRatio,13.237460403118442,13.60958773337091,5.254507893584879,6.421028500328086
MLP,PFI,ImportanceRatio,521.700527130893,601.3006268484701,412.4458223413908,368.2867860828807
