Model,Explainer,Metric,Median,Mean,StdDev,IQR
RF,SHAP,ImportanceRatio,10952.625,11103.489639095158,5419.729612712179,5611.374999999993
RF,LIME,ImportanceRatio,28.082228078613632,26.88065301785435,6.672734789057422,5.996673731098852
RF,PFI,ImportanceRatio,7539.279649071283,7318.270007289954,2659.280416137223,2774.817649929155
MLP,SHAP,ImportanceRatio,57.606831112376305,62.93722439567818,32.20270785709199,33.57786619471881
MLP,LIME,ImportanceRatio,13.189860309521228,13.570227358579958,5.2579803681284085,6.406763945363437
MLP,PFI,ImportanceRatio,522.3289450218922,601.382083671652,411.1623021274869,369.48784591158375
