Model,Explainer,Metric,Median,Mean,StdDev,IQR
RF,SHAP,ImportanceRatio,10941.500000000007,11095.069595607145,5402.219339175052,5524.749999999989
RF,LIME,ImportanceRatio,28.167358441021587,26.94326689250375,6.69385860119953,6.1439747781110405
RF,PFI,ImportanceRatio,7533.552596343662,7315.165379729518,2652.5027910852095,2771.650420924566
MLP,SHAP,ImportanceRatio,57.76688359619421,62.97321788064204,32.136107307660694,33.53288754044534
MLP,LIME,ImportanceRatio,13.136361904332677,13.522272314947658,5.271451601028603,6.412411074304025
MLP,PFI,ImportanceRatio,518.6014140428516,600.0222405211896,410.0962065518003,367.2042358295133
