Model,Explainer,Metric,Median,Mean,StdDev,IQR
RF,SHAP,ImportanceRatio,10933.375000000004,11089.19468970116,5384.978673555641,5434.687499999991
RF,LIME,ImportanceRatio,28.202664176745625,26.98459197605956,6.68999565844171,6.19368308983077
RF,PFI,ImportanceRatio,7509.095541959261,7308.271754739227,2645.1070180964757,2769.2580270558956
MLP,SHAP,ImportanceRatio,58.0472613033393,63.06845528990012,32.08920130310513,33.481798889595424
MLP,LIME,ImportanceRatio,13.060068002951303,13.480418224046113,5.277701801257682,6.4425169671357345
MLP,PFI,ImportanceRatio,518.1818313553861,598.7520631182427,409.0004348429121,365.2386597995568
