Model,Explainer,Metric,Median,Mean,StdDev,IQR
RF,SHAP,ImportanceRatio,10925.25,11093.098127186186,5369.862427873167,5416.749999999996
RF,LIME,ImportanceRatio,28.227987692914404,27.061886960707294,6.732733855910428,6.260589298483623
RF,PFI,ImportanceRatio,7490.77106933509,7304.8615477788435,2636.88786398834,2765.8147600526754
MLP,SHAP,ImportanceRatio,58.4439404991458,63.30257807970461,32.12311947863498,33.59211898641541
MLP,LIME,ImportanceRatio,13.00939158019895,13.435300981428218,5.288169511362895,6.565227435214473
MLP,PFI,ImportanceRatio,518.0039730156032,598.2511108458598,407.71227415946277,361.97582624691665
