Model,Explainer,Metric,Median,Mean,StdDev,IQR
RF,SHAP,ImportanceRatio,10900.374999999996,11052.965144344844,5374.502419427481,5496.1249999999945
RF,LIME,ImportanceRatio,28.202664176745625,27.03870135636511,6.717075130391707,6.266529092238088
RF,PFI,ImportanceRatio,7509.095541959261,7314.171082535596,2632.2774795610862,2764.55648193894
MLP,SHAP,ImportanceRatio,58.569264945303985,63.2740428989314,32.057844944879754,33.68829918621421
MLP,LIME,ImportanceRatio,12.978347381319974,13.41413610219446,5.276902148016414,6.571834176275253
MLP,PFI,ImportanceRatio,518.1818313553861,598.0742464778148,406.3656111403704,357.0612915114204
