Model,Explainer,Metric,Median,Mean,StdDev,IQR
RF,SHAP,ImportanceRatio,10832.999999999998,10998.580012233599,5397.364172491375,5550.124999999998
RF,LIME,ImportanceRatio,28.167358441021587,27.020364189006433,6.703679619764254,6.234792334234172
RF,PFI,ImportanceRatio,7490.77106933509,7315.915148749181,2625.372485076996,2763.736400341406
MLP,SHAP,ImportanceRatio,58.4439404991458,63.24906692162186,31.96308918920455,33.55452904380002
MLP,LIME,ImportanceRatio,12.966093490399897,13.384927079461736,5.271262757027677,6.652600923685487
MLP,PFI,ImportanceRatio,518.0039730156032,597.7249253805314,405.40522845211933,358.6994697565858
