Model,Explainer,Metric,Median,Mean,StdDev,IQR
RF,SHAP,ImportanceRatio,11522.375,11832.811302165035,4903.788574058982,3942.1500000000015
RF,LIME,ImportanceRatio,28.9622288580121,28.089972553377496,5.274477097490764,4.139032238476812
RF,PFI,ImportanceRatio,8779.498044393968,8748.490788104766,1873.8918876817402,2906.9233234883577
MLP,SHAP,ImportanceRatio,71.49126579555457,76.9345068492716,31.895703956770223,32.05866492055915
MLP,LIME,ImportanceRatio,13.790089081679257,14.040437184796307,4.336457021902785,5.492620566684128
MLP,PFI,ImportanceRatio,664.7206076416011,818.0057502789258,539.2653911679214,433.8891217924898
