Model,Explainer,Metric,Median,Mean,StdDev,IQR
RF,SHAP,ImportanceRatio,11783.499999999998,12224.852305624408,5271.6412843658845,5277.25
RF,LIME,ImportanceRatio,28.814201586663017,27.738107933357913,5.7968101303747925,4.653828961523786
RF,PFI,ImportanceRatio,8202.553968746035,8582.472158850309,1970.8202843795955,2939.1233657897283
MLP,SHAP,ImportanceRatio,69.57097621563017,76.79435874588704,34.4615001297777,30.878508733876934
MLP,LIME,ImportanceRatio,12.69112228093726,13.093131752918849,4.0462656920874345,5.229110326537157
MLP,PFI,ImportanceRatio,574.9473606858957,806.5372604088533,590.2189026033375,460.74723977357723
