Model,Explainer,Metric,Median,Mean,StdDev,IQR
RF,SHAP,ImportanceRatio,11811.249999999998,12232.666816906976,5206.442394893649,5350.937500000002
RF,LIME,ImportanceRatio,28.88868139183063,27.808511012103583,5.719801850034788,4.240720987863092
RF,PFI,ImportanceRatio,8281.656227737727,8625.350853044061,1957.0598882059162,2945.7779408733586
MLP,SHAP,ImportanceRatio,69.7483700678431,77.18430783441434,34.18026932836492,33.14084219606794
MLP,LIME,ImportanceRatio,12.834635377704833,13.08678055089887,3.9835335528600604,5.212141372885789
MLP,PFI,ImportanceRatio,592.8594273116619,806.4343485904683,581.0432307834766,423.51730051195955
