Model,Explainer,Metric,Median,Mean,StdDev,IQR
RF,SHAP,ImportanceRatio,11838.999999999998,12234.312014374442,5127.736225278785,5067.75
RF,LIME,ImportanceRatio,28.859680709329602,27.835353060427533,5.6349715825684985,4.0914695353196855
RF,PFI,ImportanceRatio,8230.230352852743,8615.601536782384,1951.427439111076,2955.3569523539672
MLP,SHAP,ImportanceRatio,69.92576392005601,77.43264769249335,33.839202038257525,33.411568581932386
MLP,LIME,ImportanceRatio,12.978546288167541,13.170178172134033,3.9540462384724675,5.216515899162827
MLP,PFI,ImportanceRatio,588.2334441497914,804.069017661633,573.9239010706585,421.7132637099346
