Model,Explainer,Metric,Median,Mean,StdDev,IQR
RF,SHAP,ImportanceRatio,11721.312499999996,12173.506268853625,5067.108422070895,4883.749999999996
RF,LIME,ImportanceRatio,28.92857952690142,27.894644851878894,5.562976723748914,4.017350629455187
RF,PFI,ImportanceRatio,8349.389500384808,8640.786580720522,1930.1917625010851,2934.26828874846
MLP,SHAP,ImportanceRatio,70.0253547812094,77.30678101597731,33.37108145083967,30.89737928851035
MLP,LIME,ImportanceRatio,13.199215230261679,13.362104970458445,4.0954625668002365,5.345066589192719
MLP,PFI,ImportanceRatio,598.020436404728,803.9622147720348,565.4683202711924,395.7589734041267
