Model,Explainer,Metric,Median,Mean,StdDev,IQR
RF,SHAP,ImportanceRatio,11659.124999999996,12137.898946886378,5002.392219887961,4866.749999999996
RF,LIME,ImportanceRatio,28.984980736553023,27.991377845024473,5.517913502940244,3.9128870368281063
RF,PFI,ImportanceRatio,8365.696898146904,8647.179653728432,1904.537433545284,2822.301538239225
MLP,SHAP,ImportanceRatio,69.92576392005601,76.7856199769019,33.1090288512809,30.378907417489096
MLP,LIME,ImportanceRatio,13.297117804712252,13.513015479398668,4.188247422046497,5.52960614678431
MLP,PFI,ImportanceRatio,597.4854104735324,797.4784707603875,558.6824736757195,379.62262912801214
