Model,Explainer,Metric,Median,Mean,StdDev,IQR
RF,SHAP,ImportanceRatio,11721.312499999996,12132.666800213608,4936.6164062372645,4825.687500000002
RF,LIME,ImportanceRatio,29.09328222122505,28.111987531786333,5.490074955111092,4.3817101966131276
RF,PFI,ImportanceRatio,8402.948705623246,8664.858690539471,1895.2599565391201,2830.845543243655
MLP,SHAP,ImportanceRatio,70.0253547812094,76.58361779752323,32.69896559573368,29.46042041439378
MLP,LIME,ImportanceRatio,13.322016593692183,13.637295295942893,4.19935144422041,5.426325311805506
MLP,PFI,ImportanceRatio,604.5927794746649,798.1446375013613,551.0536855156676,377.3587992224056
