Model,Explainer,Metric,Median,Mean,StdDev,IQR
RF,SHAP,ImportanceRatio,11651.500000000004,12072.479859667295,4884.019598405675,4703.562499999996
RF,LIME,ImportanceRatio,29.178262076248245,28.195161451461974,5.446816447098025,4.361690647595637
RF,PFI,ImportanceRatio,8365.696898146904,8634.518031302425,1894.1369917391,2861.683911838194
MLP,SHAP,ImportanceRatio,69.57097621563017,75.77777619639323,32.64143068030494,30.084317655631985
MLP,LIME,ImportanceRatio,13.325077083964743,13.68417453030814,4.164913975784964,5.539199349750168
MLP,PFI,ImportanceRatio,598.5554623359236,790.7456449716254,546.0994258347687,372.602147592621
