Model,Explainer,Metric,Median,Mean,StdDev,IQR
RF,SHAP,ImportanceRatio,11547.3125,11871.825493507054,5020.984788482815,4459.368749999994
RF,LIME,ImportanceRatio,29.09328222122505,28.167085302053987,5.382075597232574,4.305605458278134
RF,PFI,ImportanceRatio,8477.750258286931,8675.145367962083,1886.2879382581011,2848.7439462576713
MLP,SHAP,ImportanceRatio,69.7483700678431,76.01250668969699,32.34137706200706,29.696825526189016
MLP,LIME,ImportanceRatio,13.438310199859073,13.8400009361366,4.29896971238725,5.452672155307578
MLP,PFI,ImportanceRatio,610.9513683377829,796.7333728384208,540.2483522004397,400.3138243733298
