Model,Explainer,Metric,Median,Mean,StdDev,IQR
RF,SHAP,ImportanceRatio,11526.250000000002,11865.022275724823,4959.425013922457,4046.100000000002
RF,LIME,ImportanceRatio,29.04450051218436,28.17386208330646,5.315198431644925,4.18935272153265
RF,PFI,ImportanceRatio,8624.18418856304,8711.671491048293,1879.1178216150413,2885.975695201084
MLP,SHAP,ImportanceRatio,70.12494564236279,76.53857323173838,32.08859538896609,31.405687227275756
MLP,LIME,ImportanceRatio,13.48557234012973,13.987216630152755,4.378464498683364,5.713258751943107
MLP,PFI,ImportanceRatio,628.1381801605326,801.2120194681219,534.0283054810307,422.73125827586915
