Model,Explainer,Metric,Median,Mean,StdDev,IQR
RF,SHAP,ImportanceRatio,11822.250000000002,12473.395485129275,4964.590486283018,6241.237499999997
RF,LIME,ImportanceRatio,28.020800898624394,27.680983799210484,4.764193595266622,5.190112146735142
RF,PFI,ImportanceRatio,7842.206063069973,8057.810117420074,1859.9602369321735,2799.174031071945
MLP,SHAP,ImportanceRatio,62.23438725931122,69.87810572213932,30.38799518526356,34.21880176209334
MLP,LIME,ImportanceRatio,13.30576508515557,13.870682836807102,4.484665694543339,5.962875971220917
MLP,PFI,ImportanceRatio,564.6220231860209,679.2776552521393,429.4774378419293,392.362635832118
