Model,Explainer,Metric,Median,Mean,StdDev,IQR
RF,SHAP,ImportanceRatio,11505.999999999995,12124.774934914993,4990.904161715611,6173.812499999985
RF,LIME,ImportanceRatio,28.391163384052273,28.011578820273137,4.780393722772582,5.001454635562052
RF,PFI,ImportanceRatio,7939.611661093664,8102.479785379001,1830.5386508739768,2794.01907103579
MLP,SHAP,ImportanceRatio,61.40770740630266,68.343567525212,29.877963773081827,32.81889291681489
MLP,LIME,ImportanceRatio,13.322016593692183,13.975847600676499,4.432431543188965,6.033801820415832
MLP,PFI,ImportanceRatio,569.5858698168165,678.8532885560926,417.5275760399876,387.7570393249373
