Model,Explainer,Metric,Median,Mean,StdDev,IQR
RF,SHAP,ImportanceRatio,11816.875,12445.87036599402,4950.511339689337,6262.731250000001
RF,LIME,ImportanceRatio,28.077167111036296,27.71713364134411,4.759083670788147,5.163451533820808
RF,PFI,ImportanceRatio,7835.395379644003,8055.188020514848,1860.2067157254198,2823.480497804392
MLP,SHAP,ImportanceRatio,62.2076985425486,69.65049100362941,30.361055911587172,34.25245959062877
MLP,LIME,ImportanceRatio,13.311494762821013,13.894446632314686,4.473055798709784,5.919020797743251
MLP,PFI,ImportanceRatio,565.8190835068899,678.5532260158114,427.68833946341573,390.66818229652176
