Model,Explainer,Metric,Median,Mean,StdDev,IQR
RF,SHAP,ImportanceRatio,11807.250000000004,12382.19838428534,4982.910519369828,6269.1250000000055
RF,LIME,ImportanceRatio,28.085537474464484,27.735759400778086,4.770739451480697,5.208876855636149
RF,PFI,ImportanceRatio,7828.584696218032,8052.580477916521,1858.6910141452597,2847.786964536839
MLP,SHAP,ImportanceRatio,62.17838476911125,69.326197626318,30.400356562503774,34.32038076764426
MLP,LIME,ImportanceRatio,13.30576508515557,13.85166000675411,4.474419282708189,6.064766093825453
MLP,PFI,ImportanceRatio,561.1304041355547,675.9385972783911,426.56332594684727,391.0381437694882
