Model,Explainer,Metric,Median,Mean,StdDev,IQR
RF,SHAP,ImportanceRatio,11795.375,12344.932053667211,4980.1518179914965,6230.187500000002
RF,LIME,ImportanceRatio,28.189973110867584,27.780747681481163,4.779415560333525,5.146370529985017
RF,PFI,ImportanceRatio,7843.08776730992,8062.031451109275,1853.6465218701462,2851.1086393211544
MLP,SHAP,ImportanceRatio,62.15616172092453,69.33982352770406,30.301783417413404,34.30657107144083
MLP,LIME,ImportanceRatio,13.30144144493391,13.850041526124315,4.459320080951418,5.983296087487034
MLP,PFI,ImportanceRatio,565.8190835068899,676.7227751069463,424.90671045590267,390.86723672791805
