Model,Explainer,Metric,Median,Mean,StdDev,IQR
RF,SHAP,ImportanceRatio,11783.499999999998,12307.629349805125,4987.678296514189,6204.187500000002
RF,LIME,ImportanceRatio,28.227987692914404,27.833941383786755,4.790242324602524,5.158594289541426
RF,PFI,ImportanceRatio,7845.084622179961,8078.954060068342,1856.6889954209043,2856.696530836798
MLP,SHAP,ImportanceRatio,62.18100982578597,69.34850812223405,30.163998501268832,34.206246665152975
MLP,LIME,ImportanceRatio,13.31052555674215,13.89284404643953,4.465364643902028,5.962905307333838
MLP,PFI,ImportanceRatio,569.537578793095,678.2534850460562,423.28510324675716,392.362635832118
