Model,Explainer,Metric,Median,Mean,StdDev,IQR
RF,SHAP,ImportanceRatio,11748.999999999998,12289.32152575036,4970.06985699241,6177.468750000002
RF,LIME,ImportanceRatio,28.252732328937572,27.86477345548589,4.786463731281781,5.1003035504772924
RF,PFI,ImportanceRatio,7901.1082320098485,8084.464614176518,1849.2729960805912,2820.4343917607803
MLP,SHAP,ImportanceRatio,62.17969729744861,69.1914724025204,30.077744716669518,34.08950262014812
MLP,LIME,ImportanceRatio,13.311494762821013,13.90900208995038,4.471325826343835,5.974688969918784
MLP,PFI,ImportanceRatio,569.5858698168165,679.4217207074221,422.98458086606365,392.5739765926474
