Model,Explainer,Metric,Median,Mean,StdDev,IQR
RF,SHAP,ImportanceRatio,11659.124999999996,12261.33565479319,4956.404948269867,6153.749999999998
RF,LIME,ImportanceRatio,28.265756860169557,27.900601526344598,4.784725293443901,5.009950258965738
RF,PFI,ImportanceRatio,7900.709782793458,8082.030587854865,1841.8095919904918,2805.704588953344
MLP,SHAP,ImportanceRatio,62.133938672737806,68.92361932725586,30.065615906601824,34.05054968065624
MLP,LIME,ImportanceRatio,13.318218861362949,13.951908693205423,4.473493075721045,6.075795502304903
MLP,PFI,ImportanceRatio,569.537578793095,678.4596323404074,421.341114995261,389.10836602560494
