Model,Explainer,Metric,Median,Mean,StdDev,IQR
RF,SHAP,ImportanceRatio,11609.9375,12203.26798926527,4984.01755886877,6192.375000000004
RF,LIME,ImportanceRatio,28.27669762616198,27.928757845570757,4.778637670872096,4.987103211352956
RF,PFI,ImportanceRatio,7901.1082320098485,8080.737339356956,1836.396828910027,2804.631690296217
MLP,SHAP,ImportanceRatio,61.740757400975625,68.71965658059892,30.001645383084522,34.02937899487697
MLP,LIME,ImportanceRatio,13.318587482391285,13.95128015700671,4.455875173681795,6.022521128883776
MLP,PFI,ImportanceRatio,568.276861310427,678.4968907008923,420.73178773823673,390.2635695479524
