Model,Explainer,Metric,Median,Mean,StdDev,IQR
RF,SHAP,ImportanceRatio,11526.250000000002,12159.140912911156,4985.337637761933,6201.124999999987
RF,LIME,ImportanceRatio,28.31725090110997,27.96767270030082,4.776135991601758,4.975618644409515
RF,PFI,ImportanceRatio,7918.255591741429,8092.674926837924,1835.1884606733602,2798.7226723760787
MLP,SHAP,ImportanceRatio,61.588371472243644,68.4666214778793,29.98198975468559,34.03003407152679
MLP,LIME,ImportanceRatio,13.325077083964743,13.982491600858205,4.448316328139218,6.10318922239269
MLP,PFI,ImportanceRatio,569.6341608405379,679.8004505097559,419.2569441647173,390.7012519160023
