Model,Explainer,Metric,Median,Mean,StdDev,IQR
RF,SHAP,ImportanceRatio,233.34431137724815,292.39198565101407,105.62707875169953,180.11584340352366
RF,LIME,ImportanceRatio,4.622201713443121,4.603017760208988,0.08601908232310121,0.16808616406628119
RF,PFI,ImportanceRatio,5539.132996733731,6784.433887725692,2405.556891656245,4227.9174418864195
MLP,SHAP,ImportanceRatio,375.073655971457,427.76477437962154,92.3244730324719,156.63965248979434
MLP,LIME,ImportanceRatio,6.135916000520609,6.125621955165691,0.12740595611623362,0.197118955272785
MLP,PFI,ImportanceRatio,9961.42423256049,9760.04163066389,319.70771742997886,673.8448822149421
