Explainer,Metric,Mean,Median,StdDev
SHAP,Spearman,"{'value': 0.6015251851851853, 'error': 0.16983677777777778}","{'value': 0.78446, 'error': 0.00089}","{'value': 0.38188026120364704, 'error': 0.312355067540823}"
SHAP,KendallTau,"{'value': 0.5308578074074074, 'error': 0.16863533703703704}","{'value': 0.66299, 'error': 0.00468}","{'value': 0.34345648285930114, 'error': 0.307858657041274}"
SHAP,PrecisionAtK,0.7225925925925926,0.8,0.21611198387585995
LIME,Spearman,"{'value': 0.6234281666666668, 'error': 0.12558559629629631}","{'value': 0.78446, 'error': 0.00089}","{'value': 0.2510506216133585, 'error': 0.2623870239265174}"
LIME,KendallTau,"{'value': 0.5268939999999999, 'error': 0.1255577925925926}","{'value': 0.66299, 'error': 0.00468}","{'value': 0.21217574693478358, 'error': 0.25905243749383583}"
LIME,PrecisionAtK,0.6685185185185185,0.8,0.23431861347325236
PFI,Spearman,"{'value': 0.5074606444444445, 'error': 0.11501625555555557}","{'value': 0.78446, 'error': 0.00089}","{'value': 0.5202542147257965, 'error': 0.2444374023965779}"
PFI,KendallTau,"{'value': 0.4533348407407407, 'error': 0.11408575185185184}","{'value': 0.66299, 'error': 0.00468}","{'value': 0.46126943290334627, 'error': 0.24117577209622962}"
PFI,PrecisionAtK,0.6982222222222222,0.8,0.26729888020346193
