Model,Explainer,Metric,Median,Mean,StdDev,IQR
RF,SHAP,ImportanceRatio,13436.675000000003,13727.44995620807,5257.330568000538,7289.781249999996
RF,LIME,ImportanceRatio,28.077167111036296,27.572115919223723,4.433920564369392,3.989216275375469
RF,PFI,ImportanceRatio,8201.161139532605,8412.340956581551,1829.383454321823,2790.8865362510523
MLP,SHAP,ImportanceRatio,64.34810766389657,72.912176414967,31.622785753707635,32.10785703029532
MLP,LIME,ImportanceRatio,12.978347381319974,13.592199301517285,4.258138586020039,6.139643902989183
MLP,PFI,ImportanceRatio,569.5858698168165,721.9695395020649,490.10797883579716,470.03623924065977
