Model,Explainer,Metric,Median,Mean,StdDev,IQR
RF,SHAP,ImportanceRatio,13043.0,13307.2658878162,5366.0230812175505,7076.375
RF,LIME,ImportanceRatio,28.167358441021587,27.597283943054965,4.645817346794998,3.9153193076482466
RF,PFI,ImportanceRatio,8515.300003474273,8561.920057267671,1879.2441333534111,2933.1038950606708
MLP,SHAP,ImportanceRatio,66.78986142572725,75.73591248739228,32.64448461039935,33.46395636698058
MLP,LIME,ImportanceRatio,13.441800098817847,14.044736030985774,4.314605737041347,5.910095364551417
MLP,PFI,ImportanceRatio,611.2726400621597,770.2484100853793,504.79160436474035,483.57085881550904
