Model,Explainer,Metric,Median,Mean,StdDev,IQR
RF,SHAP,ImportanceRatio,13122.375000000004,13342.576115432068,5340.446210880174,7059.75
RF,LIME,ImportanceRatio,28.126447957743036,27.570958929402938,4.620955226175726,3.9924746244593834
RF,PFI,ImportanceRatio,8422.921722234718,8529.42480514842,1888.5097003730289,2950.762281224206
MLP,SHAP,ImportanceRatio,66.13830670751506,75.15648217873806,32.722916182220715,33.2042133998443
MLP,LIME,ImportanceRatio,13.427568360760308,13.977760628934686,4.315227290285266,5.887778250655693
MLP,PFI,ImportanceRatio,604.5927794746649,761.8824223928493,505.0708756127332,486.5992122756786
