Model,Explainer,Metric,Median,Mean,StdDev,IQR
RF,SHAP,ImportanceRatio,13145.250000000002,13382.032579208279,5308.156536057826,7015.0000000000055
RF,LIME,ImportanceRatio,28.020800898624394,27.539227378522487,4.597109247532586,4.013863886478493
RF,PFI,ImportanceRatio,8405.642931369848,8511.264738322143,1882.8706621549527,2994.6840602694756
MLP,SHAP,ImportanceRatio,65.30338462667126,74.76441899992665,32.62820292421901,33.12156653020388
MLP,LIME,ImportanceRatio,13.344548769251979,13.93777993512927,4.295492613393241,5.9120781092066235
MLP,PFI,ImportanceRatio,598.0181668895606,756.6133321638277,502.84378185837505,480.28874524943416
