Model,Explainer,Metric,Median,Mean,StdDev,IQR
RF,SHAP,ImportanceRatio,13240.124999999993,13448.989101408146,5298.856539373675,7026.125000000004
RF,LIME,ImportanceRatio,27.96642142528154,27.497564693280747,4.575864123317993,4.1020752860523295
RF,PFI,ImportanceRatio,8364.947200515282,8490.80130059145,1875.1837949273988,2925.4874699109296
MLP,SHAP,ImportanceRatio,64.93891506036408,74.38772181323861,32.517565120631815,32.97332888664168
MLP,LIME,ImportanceRatio,13.322016593692183,13.892718397226886,4.280138391988312,6.093605142258006
MLP,PFI,ImportanceRatio,595.0152147491949,751.2386590740953,500.934998862606,473.77168867282296
