Model,Explainer,Metric,Median,Mean,StdDev,IQR
RF,SHAP,ImportanceRatio,13292.250000000007,13531.781576771098,5300.003605189027,7107.624999999998
RF,LIME,ImportanceRatio,27.933149917293438,27.48041885666731,4.551915759261058,4.039256923130498
RF,PFI,ImportanceRatio,8364.197502883662,8479.770137287065,1866.2019903671046,2852.1177922814886
MLP,SHAP,ImportanceRatio,64.53589452338744,74.08595560532946,32.3638614029851,32.822182488810945
MLP,LIME,ImportanceRatio,13.30576508515557,13.81978904841567,4.2915458463567235,6.151516996818884
MLP,PFI,ImportanceRatio,588.2334441497914,745.5031850338903,499.31016050938064,487.5256386765786
