Model,Explainer,Metric,Median,Mean,StdDev,IQR
RF,SHAP,ImportanceRatio,13318.750000000005,13586.24195692103,5278.919359868599,7141.218749999996
RF,LIME,ImportanceRatio,27.96642142528154,27.498375156593248,4.526468530378605,4.058676103622425
RF,PFI,ImportanceRatio,8348.639802753187,8470.794181279398,1854.5470411694369,2727.011885304173
MLP,SHAP,ImportanceRatio,64.45131228057528,73.89439960744173,32.18096651660417,32.68996711314588
MLP,LIME,ImportanceRatio,13.28831558931217,13.74807062150829,4.298573178562584,6.196072326832054
MLP,PFI,ImportanceRatio,573.3960825640595,740.763382678824,497.0142364944419,488.19608110168986
