Model,Explainer,Metric,Median,Mean,StdDev,IQR
RF,SHAP,ImportanceRatio,13325.249999999995,13585.883729813842,5279.467589130048,7175.749999999996
RF,LIME,ImportanceRatio,28.020800898624394,27.545000246962843,4.511471994408378,4.1339858389207045
RF,PFI,ImportanceRatio,8333.082102622713,8461.118317532915,1844.0457446113433,2705.5558860102683
MLP,SHAP,ImportanceRatio,64.32948529003,73.5266694561728,32.09295624494013,32.771227574643035
MLP,LIME,ImportanceRatio,13.22410411256258,13.692486567355811,4.298310099590595,6.179544077804348
MLP,PFI,ImportanceRatio,571.3717077589837,735.6700876739287,495.0415674641819,481.79850557301427
