Model,Explainer,Metric,Median,Mean,StdDev,IQR
RF,SHAP,ImportanceRatio,13385.875,13637.940586728346,5262.110465780311,7102.843750000009
RF,LIME,ImportanceRatio,28.010246915947015,27.53311992726457,4.480802724098841,4.1020752860523295
RF,PFI,ImportanceRatio,8216.392160799389,8440.778011519806,1839.5436881635321,2755.3136714504835
MLP,SHAP,ImportanceRatio,64.18821223890583,73.21890101471409,31.989184778769687,32.645342230380194
MLP,LIME,ImportanceRatio,13.12846458114549,13.6642582461322,4.2730563056311395,6.177814143397454
MLP,PFI,ImportanceRatio,569.9004581231438,730.2825712821499,493.40300628400536,477.7399061416012
