Model,Explainer,Metric,Median,Mean,StdDev,IQR
RF,SHAP,ImportanceRatio,13427.5,13662.880390356013,5256.601896007895,7159.062500000004
RF,LIME,ImportanceRatio,28.06879674760811,27.565335028100666,4.457013247003109,4.039741632136106
RF,PFI,ImportanceRatio,8230.230352852743,8436.055452522723,1831.459400648387,2743.8089347182686
MLP,SHAP,ImportanceRatio,64.36673003776313,73.18244130964368,31.758290457508842,32.154774498767075
MLP,LIME,ImportanceRatio,12.978546288167541,13.608575212033553,4.2701157863742285,6.101894630958736
MLP,PFI,ImportanceRatio,570.1667554057499,728.5711664401712,490.53506873178424,475.07859334338247
