Model,Explainer,Metric,Median,Mean,StdDev,IQR
RF,SHAP,ImportanceRatio,10933.375000000004,11115.471386358635,5834.295303252007,6543.312500000004
RF,LIME,ImportanceRatio,27.84073795227161,26.47889885540091,6.912246799522631,5.928506374464128
RF,PFI,ImportanceRatio,7663.222401359668,7429.24054536865,2838.5564335365334,2920.5040510546605
MLP,SHAP,ImportanceRatio,59.004442048674704,63.41813174202822,32.98756343475039,32.94804947643353
MLP,LIME,ImportanceRatio,12.972120982436152,13.211862062220801,5.025608109951926,6.500253853458453
MLP,PFI,ImportanceRatio,546.0617902925023,623.6476694936857,439.6934672351409,398.84886783791364
