Model,Explainer,Metric,Median,Mean,StdDev,IQR
RF,SHAP,ImportanceRatio,11491.625,12015.634088478033,5098.529936148496,6232.750000000004
RF,LIME,ImportanceRatio,28.31725090110997,27.862757268122568,5.014290125207218,5.105386254926167
RF,PFI,ImportanceRatio,7918.255591741429,8029.598628940922,1976.0988475246763,2811.805342468002
MLP,SHAP,ImportanceRatio,61.050054846714694,67.80159119899446,30.282140618657525,31.938008110254444
MLP,LIME,ImportanceRatio,13.318218861362949,13.872882773139784,4.5426642925931455,6.018288741623781
MLP,PFI,ImportanceRatio,567.0161438277588,672.8310814352328,420.4142270367638,389.68445453836364
