Model,Explainer,Metric,Median,Mean,StdDev,IQR
RF,SHAP,ImportanceRatio,11402.000000000004,11908.416771256088,5199.8957326027385,6230.562500000002
RF,LIME,ImportanceRatio,28.27669762616198,27.675975066385035,5.367360943421631,5.297843337772928
RF,PFI,ImportanceRatio,7901.1082320098485,7958.057049323151,2106.708527645957,2774.867564339499
MLP,SHAP,ImportanceRatio,60.70958864707582,67.2469803143551,30.707784711290383,32.06403010255826
MLP,LIME,ImportanceRatio,13.311494762821013,13.769989954875086,4.650696004490513,6.117846672574025
MLP,PFI,ImportanceRatio,562.8762136607878,666.9206674181308,423.14015140857265,389.68470096752975
