Model,Explainer,Metric,Median,Mean,StdDev,IQR
RF,SHAP,ImportanceRatio,11259.749999999998,11803.093013583511,5295.475401513071,6230.125
RF,LIME,ImportanceRatio,28.239707797705588,27.52064763161488,5.595052742460515,5.41933908899486
RF,PFI,ImportanceRatio,7845.084622179961,7887.778622822069,2225.3357053803597,2758.7378531827453
MLP,SHAP,ImportanceRatio,60.595624369997765,66.6840500925063,31.146681992705968,32.36732426827727
MLP,LIME,ImportanceRatio,13.30576508515557,13.686182804922487,4.715474809015679,6.125271747485812
MLP,PFI,ImportanceRatio,560.3187390265276,661.1164946288152,425.7184553690881,388.7443565637956
