Model,Explainer,Metric,Median,Mean,StdDev,IQR
RF,SHAP,ImportanceRatio,11215.499999999996,11699.606006767099,5385.74573458313,6253.031249999993
RF,LIME,ImportanceRatio,28.220287736813994,27.326724953021348,5.939739977706428,5.444198036007926
RF,PFI,ImportanceRatio,7843.08776730992,7818.711848960619,2334.0339011639358,2785.900536897644
MLP,SHAP,ImportanceRatio,60.51842446094517,66.1400103975099,31.544441730023042,32.43477582949676
MLP,LIME,ImportanceRatio,13.28831558931217,13.590510506703065,4.803785334074723,6.244652921988553
MLP,PFI,ImportanceRatio,558.2394851637408,655.3917530500909,428.1935621494814,387.8777211159672
