Model,Explainer,Metric,Median,Mean,StdDev,IQR
RF,SHAP,ImportanceRatio,11044.750000000005,11597.948661762395,5471.026369996414,6290.999999999998
RF,LIME,ImportanceRatio,28.167358441021587,27.14864999720057,6.2136422620299205,5.538338690279861
RF,PFI,ImportanceRatio,7828.584696218032,7750.838425247196,2434.2387339771285,2824.7189885251746
MLP,SHAP,ImportanceRatio,59.81986044479634,65.6190320141447,31.89649331006821,32.4529901017396
MLP,LIME,ImportanceRatio,13.22410411256258,13.503540808761839,4.872519725041033,6.266251633120067
MLP,PFI,ImportanceRatio,556.873486771445,649.7998386171619,430.4882293923736,390.78350468272225
