Model,Explainer,Metric,Median,Mean,StdDev,IQR
RF,SHAP,ImportanceRatio,11030.749999999996,11498.191761856531,5551.442213712346,6294.187499999993
RF,LIME,ImportanceRatio,28.082228078613632,27.022348035635208,6.348058931679543,5.66106652915478
RF,PFI,ImportanceRatio,7788.305179361161,7684.326794189426,2526.4941963362476,2822.0320002030403
MLP,SHAP,ImportanceRatio,59.694500131336284,65.23554888255106,32.034009972759435,31.990623372839018
MLP,LIME,ImportanceRatio,13.145989205406277,13.436090852481957,4.912782636707306,6.320710094385495
MLP,PFI,ImportanceRatio,553.9082254454261,644.4647499571203,432.43016127442297,390.56334241924213
