Model,Explainer,Metric,Median,Mean,StdDev,IQR
RF,SHAP,ImportanceRatio,11010.749999999998,11400.059904572796,5627.803175088246,6349.375
RF,LIME,ImportanceRatio,28.06879674760811,26.904039397873973,6.449812525576421,5.712500161317273
RF,PFI,ImportanceRatio,7751.843843224433,7618.922453885612,2612.4380178187066,2833.8361566827007
MLP,SHAP,ImportanceRatio,59.662501398631484,64.79445243503584,32.248932012517045,32.17748645433265
MLP,LIME,ImportanceRatio,13.136361904332677,13.417053254291305,4.915810731855168,6.3514042448349635
MLP,PFI,ImportanceRatio,551.656162292823,639.1333191457508,434.3902148421651,389.9886024883896
