Model,Explainer,Metric,Median,Mean,StdDev,IQR
RF,SHAP,ImportanceRatio,10964.125,11303.527457829548,5700.353184078631,6456.2499999999945
RF,LIME,ImportanceRatio,28.010246915947015,26.73617545132384,6.675909805436545,5.750985478986156
RF,PFI,ImportanceRatio,7738.623683141599,7554.55470773675,2692.907356490113,2871.2517061193957
MLP,SHAP,ImportanceRatio,59.50410609319701,64.29938695988912,32.55555144587843,32.27354412388604
MLP,LIME,ImportanceRatio,13.055352118005027,13.343714241477961,4.960734226228605,6.373248176250867
MLP,PFI,ImportanceRatio,550.6222539775501,633.8377227135404,436.32194593948066,394.29726143383743
