Model,Explainer,Metric,Median,Mean,StdDev,IQR
RF,SHAP,ImportanceRatio,10952.249999999998,11208.76391176034,5768.936146827148,6519.749999999993
RF,LIME,ImportanceRatio,27.933149917293438,26.601263579838683,6.808157544895769,5.805369934733736
RF,PFI,ImportanceRatio,7722.178387086166,7491.397260802227,2767.9409069376484,2914.246621597552
MLP,SHAP,ImportanceRatio,59.11797800490304,63.86660113075076,32.7594163147514,32.76648479246745
MLP,LIME,ImportanceRatio,12.978546288167541,13.265620654447247,5.0121890442298245,6.369971902614351
MLP,PFI,ImportanceRatio,548.2802559150538,628.710019854849,438.0407084036475,397.278718016966
