Model,Explainer,Metric,Median,Mean,StdDev,IQR
RF,SHAP,ImportanceRatio,10598.874999999996,10883.151897528487,5164.063504170389,4957.906250000009
RF,LIME,ImportanceRatio,28.233847745309994,27.507364299456256,6.14325516097898,5.855299409068106
RF,PFI,ImportanceRatio,7445.781063344011,7413.393242383154,2452.0912825525365,2740.733740020878
MLP,SHAP,ImportanceRatio,58.783123156823095,63.97418901250696,30.849551956323,33.09492308989246
MLP,LIME,ImportanceRatio,13.311494762821013,13.752075927598725,5.354398829661187,6.495020221666071
MLP,PFI,ImportanceRatio,524.2990649244299,612.6129171581035,394.9987655895369,348.60738286030187
