Model,Explainer,Metric,Median,Mean,StdDev,IQR
RF,SHAP,ImportanceRatio,10607.500000000002,10907.552770220474,5241.148925632987,5130.875
RF,LIME,ImportanceRatio,28.265756860169557,27.488065652693695,6.256887785725958,6.088699441789252
RF,PFI,ImportanceRatio,7545.006701798904,7459.7029626099875,2477.5324400266272,2735.156939447139
MLP,SHAP,ImportanceRatio,59.10647464739618,64.45755838027974,31.311510729898966,34.09343757549591
MLP,LIME,ImportanceRatio,13.279513373912085,13.669218909997458,5.355701112983533,6.504093091025995
MLP,PFI,ImportanceRatio,527.5176452268526,617.5778563395868,401.1293048264754,360.2656149813713
