Model,Explainer,Metric,Median,Mean,StdDev,IQR
RF,SHAP,ImportanceRatio,10607.625,10913.8165353844,5231.271835513009,5117.5
RF,LIME,ImportanceRatio,28.252596580430023,27.483807323191296,6.242793077824885,6.088057146027101
RF,PFI,ImportanceRatio,7539.279649071283,7458.3103126091855,2472.469063450674,2735.2688185250427
MLP,SHAP,ImportanceRatio,59.11222632614961,64.47907126498616,31.246096725580085,34.03404356843305
MLP,LIME,ImportanceRatio,13.288097197538981,13.66700677425992,5.342573144717683,6.451218029896621
MLP,PFI,ImportanceRatio,526.5493831054525,616.7525716869806,400.33955835091444,357.36385358996836
