Model,Explainer,Metric,Median,Mean,StdDev,IQR
RF,SHAP,ImportanceRatio,10602.0,10910.202086113211,5218.661717576078,5103.999999999993
RF,LIME,ImportanceRatio,28.263491980826604,27.49578798753291,6.232605592891594,6.0372483147348355
RF,PFI,ImportanceRatio,7533.552596343662,7459.853220636643,2468.7143888417177,2722.1253882145566
MLP,SHAP,ImportanceRatio,59.08522792719512,64.37300276429164,31.208419768394613,34.11742727833931
MLP,LIME,ImportanceRatio,13.237460403118442,13.657437268936652,5.3315778462751675,6.388659396438365
MLP,PFI,ImportanceRatio,525.5811209840525,616.0131766825795,399.52151849830676,357.4992578622556
