Model,Explainer,Metric,Median,Mean,StdDev,IQR
RF,SHAP,ImportanceRatio,10600.5,10898.364085691088,5216.601645760472,5076.062499999996
RF,LIME,ImportanceRatio,28.26462442049808,27.505045022388924,6.21970456474245,5.986280299827975
RF,PFI,ImportanceRatio,7530.486305463547,7458.928766087622,2463.1508697234026,2711.357632226167
MLP,SHAP,ImportanceRatio,58.99381868857417,64.2903337844788,31.166980431543312,33.98370475161653
MLP,LIME,ImportanceRatio,13.288097197538981,13.671744913872828,5.322664885180386,6.470504967880393
MLP,PFI,ImportanceRatio,524.2990649244299,614.7727057327862,398.94322144272337,357.24813560119696
