Model,Explainer,Metric,Median,Mean,StdDev,IQR
RF,SHAP,ImportanceRatio,10599.0,10890.696659256822,5205.596739700281,5042.437499999993
RF,LIME,ImportanceRatio,28.263491980826604,27.50536764519189,6.206463265594294,5.984636247826831
RF,PFI,ImportanceRatio,7490.77106933509,7447.233597115539,2463.753066933118,2737.200155462144
MLP,SHAP,ImportanceRatio,58.8560054762724,64.16088965617004,31.147530325495932,34.48342288103652
MLP,LIME,ImportanceRatio,13.279513373912085,13.68721836309589,5.3370538341659985,6.471152434093067
MLP,PFI,ImportanceRatio,524.1373454174077,614.9159531982148,398.5224724807034,357.5515538317993
