Model,Explainer,Metric,Median,Mean,StdDev,IQR
RF,SHAP,ImportanceRatio,10600.5,10892.991416574347,5193.852885162827,5006.2812499999945
RF,LIME,ImportanceRatio,28.252596580430023,27.506217927181236,6.191772767103418,5.940739752117114
RF,PFI,ImportanceRatio,7488.080953925415,7445.309046099339,2458.052054445247,2720.6766754547552
MLP,SHAP,ImportanceRatio,58.87920746311281,64.14640958149738,31.07919783734735,34.22958481016731
MLP,LIME,ImportanceRatio,13.288097197538981,13.680969434750345,5.327454442436684,6.432091445337733
MLP,PFI,ImportanceRatio,524.2990649244299,614.4933795315663,397.7500612354499,355.6678594449835
