Model,Explainer,Metric,Median,Mean,StdDev,IQR
RF,SHAP,ImportanceRatio,10602.0,10891.056272854987,5199.393003010211,5011.124999999989
RF,LIME,ImportanceRatio,28.24170118003344,27.501183095644308,6.182726754190428,5.910599565229841
RF,PFI,ImportanceRatio,7485.390838515739,7439.435594326407,2455.1960501151652,2736.358777701068
MLP,SHAP,ImportanceRatio,59.08522792719512,64.17670109423811,31.009187944181736,33.5554071985627
MLP,LIME,ImportanceRatio,13.297117804712252,13.730141197333381,5.3808055716781755,6.52503183423865
MLP,PFI,ImportanceRatio,524.4607844314521,613.7727396400817,397.01523748585134,351.6302431113232
