Model,Explainer,Metric,Median,Mean,StdDev,IQR
RF,SHAP,ImportanceRatio,10600.5,10885.39374269703,5187.763665423088,4996.593750000007
RF,LIME,ImportanceRatio,28.240704488869515,27.50108535160577,6.169432048536102,5.915902040583674
RF,PFI,ImportanceRatio,7478.0589006604405,7433.518109359738,2451.4665244638663,2745.1449117356397
MLP,SHAP,ImportanceRatio,58.99381868857417,64.10506497470361,30.958247283559633,33.46962319856011
MLP,LIME,ImportanceRatio,13.30814532094886,13.74896846115407,5.376374927401645,6.5643789709383125
MLP,PFI,ImportanceRatio,525.0209527077523,613.9770586308879,396.4976358204916,352.90710103693414
