Model,Explainer,Metric,Median,Mean,StdDev,IQR
RF,SHAP,ImportanceRatio,10599.0,10885.453262269453,5176.242841401259,4983.812500000013
RF,LIME,ImportanceRatio,28.239707797705588,27.505171360160027,6.156430172938568,5.8809859175512855
RF,PFI,ImportanceRatio,7471.774793422102,7419.541306721429,2455.4815527693086,2750.879556856822
MLP,SHAP,ImportanceRatio,58.902409449953225,64.07482095519721,30.888318181498953,32.916390194215516
MLP,LIME,ImportanceRatio,13.312463968899877,13.755913174226382,5.364479853178598,6.5134131921623535
MLP,PFI,ImportanceRatio,524.4607844314521,613.322895329992,395.7032965044886,350.2686587071868
