Model,Explainer,Metric,Median,Mean,StdDev,IQR
RF,SHAP,ImportanceRatio,262.37814819798706,299.82816755860216,102.30627351118123,149.6038009630122
RF,LIME,ImportanceRatio,4.618132827099318,4.604229146915206,0.09803155993244039,0.171253083091643
RF,PFI,ImportanceRatio,6898.477682530132,7087.129753591231,2186.278952686211,3503.0113065545747
MLP,SHAP,ImportanceRatio,367.9189623590034,364.4774935187068,14.846904559767998,16.92860737661033
MLP,LIME,ImportanceRatio,6.13141308597007,6.129924949034746,0.15419560503926696,0.2310416733727454
MLP,PFI,ImportanceRatio,9644.328780311753,9651.89042024739,342.9302496536513,661.4041984672476
