Model,Explainer,Metric,Median,Mean,StdDev,IQR
RF,SHAP,ImportanceRatio,291.411985018726,321.2794544882792,116.58435911424795,140.42371553884288
RF,LIME,ImportanceRatio,4.6999026069889815,4.699281309237933,0.004224995476933821,0.005146491231759143
RF,PFI,ImportanceRatio,8257.822368326535,7393.573630893788,2497.8468913115703,2966.2542420596283
MLP,SHAP,ImportanceRatio,372.4571177343229,367.68613003065656,8.663473461170666,9.773019792633704
MLP,LIME,ImportanceRatio,6.229999609409426,6.274738999663678,0.0632901777036665,0.06713613118434036
MLP,PFI,ImportanceRatio,9982.560554452311,9993.898249166115,32.15883043407553,38.14286396252828
