Model,Explainer,Metric,Median,Mean,StdDev,IQR
RF,SHAP,ImportanceRatio,10604.75,10907.690325738244,5254.04033317408,5161.312500000007
RF,LIME,ImportanceRatio,28.27669762616198,27.49319465473068,6.264990925763417,6.086079076349726
RF,PFI,ImportanceRatio,7547.355213889372,7460.438678081517,2482.539525441964,2732.8134690789584
MLP,SHAP,ImportanceRatio,59.11222632614961,64.472385090682,31.377814033500766,34.27139366315316
MLP,LIME,ImportanceRatio,13.230782257840511,13.653013795290622,5.361453937822606,6.4973465039489255
MLP,PFI,ImportanceRatio,527.8897226820502,617.4649143815406,401.5686689373397,359.23447229623883
