Model,Explainer,Metric,Median,Mean,StdDev,IQR
RF,SHAP,ImportanceRatio,10637.749999999998,11011.288902576485,5287.996058175684,5264.500000000002
RF,LIME,ImportanceRatio,28.192740572777666,27.320532901757044,6.320009968089491,6.0942784771965535
RF,PFI,ImportanceRatio,7485.390838515739,7426.2732700956485,2506.571185698598,2787.234029391414
MLP,SHAP,ImportanceRatio,59.35400990387733,64.9091275900504,31.899655198938774,35.54735534968989
MLP,LIME,ImportanceRatio,13.103224801018976,13.565258470029072,5.420058744614189,6.565733704128933
MLP,PFI,ImportanceRatio,522.9573629128915,615.5907882149006,409.20655423750003,356.6923413851854
