Model,Explainer,Metric,Median,Mean,StdDev,IQR
RF,SHAP,ImportanceRatio,10630.999999999996,10989.154113606246,5293.185501956285,5283.718749999998
RF,LIME,ImportanceRatio,28.202664176745625,27.340174405840955,6.311431528916553,6.075457326213481
RF,PFI,ImportanceRatio,7488.080953925415,7432.821124972059,2504.1557129729194,2787.6642235785093
MLP,SHAP,ImportanceRatio,59.23599395439018,64.8270216309649,31.875219975830024,35.4312101362432
MLP,LIME,ImportanceRatio,13.145989205406277,13.598061481299334,5.425714426706485,6.59115541326814
MLP,PFI,ImportanceRatio,523.30864341408,615.6036255333611,408.2692688333924,357.3315403791946
