Model,Explainer,Metric,Median,Mean,StdDev,IQR
RF,SHAP,ImportanceRatio,10624.249999999996,10988.908496437301,5280.920163680591,5253.3125
RF,LIME,ImportanceRatio,28.212587780713584,27.370473741825478,6.3152402082455765,6.1034954998164
RF,PFI,ImportanceRatio,7490.77106933509,7441.106347119421,2502.2554791692323,2776.4295888109027
MLP,SHAP,ImportanceRatio,59.35400990387733,64.81030335533222,31.801844811998425,35.147901634440174
MLP,LIME,ImportanceRatio,13.103224801018976,13.589047285261396,5.4131552836770505,6.507952268505143
MLP,PFI,ImportanceRatio,523.6599239152687,615.9353524309554,407.5478872443434,358.41930873353084
