Model,Explainer,Metric,Median,Mean,StdDev,IQR
RF,SHAP,ImportanceRatio,10618.375,10972.090239582814,5285.5761419782075,5279.15625
RF,LIME,ImportanceRatio,28.220287736813994,27.385789225963677,6.303664823044458,6.088948471275277
RF,PFI,ImportanceRatio,7509.095541959261,7442.806064021377,2496.7442380874363,2758.291461556035
MLP,SHAP,ImportanceRatio,59.23599395439018,64.76895416770067,31.74373385687085,35.0737416150626
MLP,LIME,ImportanceRatio,13.09898852944432,13.577898635629273,5.40167828709944,6.456028269507254
MLP,PFI,ImportanceRatio,522.7364892693957,615.2947812360615,406.5968706555013,354.60486698991133
