Model,Explainer,Metric,Median,Mean,StdDev,IQR
RF,SHAP,ImportanceRatio,10610.249999999996,10963.661571687517,5273.466153168645,5267.999999999998
RF,LIME,ImportanceRatio,28.227987692914404,27.404737355281707,6.296286887458307,6.076746823544912
RF,PFI,ImportanceRatio,7490.77106933509,7435.125806668442,2500.7904407231167,2749.3844153696145
MLP,SHAP,ImportanceRatio,59.11797800490304,64.71284228663632,31.675399130923292,34.88152498858293
MLP,LIME,ImportanceRatio,13.067023106767776,13.567016676587112,5.3912715957537,6.4563854758847175
MLP,PFI,ImportanceRatio,523.6599239152687,615.539945840102,405.6316096012524,353.33394186453364
