Model,Explainer,Metric,Median,Mean,StdDev,IQR
RF,SHAP,ImportanceRatio,10608.999999999996,10963.699012648296,5261.203976315375,5202.1875000000055
RF,LIME,ImportanceRatio,28.240704488869515,27.42152262903809,6.2867159570287185,6.0618953874750545
RF,PFI,ImportanceRatio,7530.486305463547,7441.379325603507,2496.2299979383633,2750.456098730383
MLP,SHAP,ImportanceRatio,59.11222632614961,64.6930868226932,31.607071309130756,34.38621343471982
MLP,LIME,ImportanceRatio,13.09898852944432,13.583444297562862,5.3859580690208,6.449936980184827
MLP,PFI,ImportanceRatio,524.2990649244299,616.1791475925966,404.86046304512325,358.33209217991055
