Model,Explainer,Metric,Median,Mean,StdDev,IQR
RF,SHAP,ImportanceRatio,10607.749999999998,10943.869040220865,5263.144533538909,5197.625000000004
RF,LIME,ImportanceRatio,28.24170118003344,27.430783397470798,6.278991698052212,6.080242955668393
RF,PFI,ImportanceRatio,7527.420014583432,7443.560080089473,2491.070775457095,2745.2316442395877
MLP,SHAP,ImportanceRatio,59.35400990387733,64.70273699267443,31.529334379762442,34.19137494210868
MLP,LIME,ImportanceRatio,13.103224801018976,13.604533400075159,5.380830852733736,6.482965939458932
MLP,PFI,ImportanceRatio,525.5811209840525,616.4810836445912,403.98137768155124,357.9995749253585
