Model,Explainer,Metric,Median,Mean,StdDev,IQR
RF,SHAP,ImportanceRatio,10608.999999999996,10946.366755505946,5250.366546369256,5169.0625
RF,LIME,ImportanceRatio,28.26462442049808,27.461030647359188,6.279520829546787,6.095174960047686
RF,PFI,ImportanceRatio,7539.279649071283,7451.774475446519,2488.209609840515,2741.6727150634288
MLP,SHAP,ImportanceRatio,59.29567210618676,64.66525523399838,31.455734316341367,34.116208290304144
MLP,LIME,ImportanceRatio,13.145989205406277,13.621829460377068,5.374645699706272,6.494227287007083
MLP,PFI,ImportanceRatio,527.8897226820502,617.6468447827377,403.29537298572905,362.8007264306985
