Model,Explainer,Metric,Median,Mean,StdDev,IQR
RF,SHAP,ImportanceRatio,10607.749999999998,10914.41908784413,5266.133517198137,5203.4999999999945
RF,LIME,ImportanceRatio,28.265756860169557,27.476290113498195,6.269820265916586,6.111248974064914
RF,PFI,ImportanceRatio,7549.703725979839,7459.492725023029,2486.2323052378233,2726.389007732655
MLP,SHAP,ImportanceRatio,59.23733430849619,64.59688187729942,31.40101492524693,34.11472068966741
MLP,LIME,ImportanceRatio,13.207901032317757,13.636453015037098,5.367251206733902,6.496053714150092
MLP,PFI,ImportanceRatio,528.261800137248,617.865271473281,402.43244040267797,364.31567921150605
