Model,Explainer,Metric,Median,Mean,StdDev,IQR
RF,SHAP,ImportanceRatio,10514.249999999998,10718.275021511117,5116.720772692088,4942.499999999996
RF,LIME,ImportanceRatio,28.31725090110997,27.38864224657415,6.437621559797931,6.178344590703368
RF,PFI,ImportanceRatio,7358.250628681233,7292.360150885693,2475.4144377835123,2688.932531589944
MLP,SHAP,ImportanceRatio,57.76688359619421,63.13338381362705,30.58680622694928,33.74302713967053
MLP,LIME,ImportanceRatio,12.978546288167541,13.406671229377773,5.2513334216303225,6.712711844934212
MLP,PFI,ImportanceRatio,509.5793859705428,588.5053535338185,382.479968521819,328.3082451437696
