Model,Explainer,Metric,Median,Mean,StdDev,IQR
RF,SHAP,ImportanceRatio,10630.999999999996,11003.767177502328,5299.460743801978,5285.593749999998
RF,LIME,ImportanceRatio,28.18004950689963,27.306436880161115,6.330327645318939,6.084882200800493
RF,PFI,ImportanceRatio,7488.080953925415,7427.0360296736635,2511.4422201485545,2790.2198404658457
MLP,SHAP,ImportanceRatio,59.23599395439018,64.92518525348812,31.971300635599317,35.838378546118264
MLP,LIME,ImportanceRatio,13.09898852944432,13.467023402498624,5.201855139983784,6.556703494202825
MLP,PFI,ImportanceRatio,522.6403338007478,615.8860393931054,410.15683722713305,360.9770383246795
