Model,Explainer,Metric,Median,Mean,StdDev,IQR
RF,SHAP,ImportanceRatio,10550.125000000002,10770.703913334315,5151.70051984166,5022.9375
RF,LIME,ImportanceRatio,28.322161883115964,27.398001921301468,6.421490046609248,6.14121345839084
RF,PFI,ImportanceRatio,7381.974348144086,7300.775353127359,2471.3527192189863,2701.8641327980167
MLP,SHAP,ImportanceRatio,58.0472613033393,63.267565177215346,30.559480422989566,34.09064660070361
MLP,LIME,ImportanceRatio,12.972120982436152,13.388772834069059,5.242917843197645,6.7251669864688655
MLP,PFI,ImportanceRatio,510.01981214721184,588.2871432430138,381.5011771168266,327.2647728477674
