Model,Explainer,Metric,Median,Mean,StdDev,IQR
RF,SHAP,ImportanceRatio,10590.75,10790.775886485493,5145.037586840515,5019.750000000004
RF,LIME,ImportanceRatio,28.287638392154403,27.38249891693922,6.4074130712963315,6.178884664070502
RF,PFI,ImportanceRatio,7404.77980483941,7326.5926927116225,2491.1807900457975,2730.3484468620545
MLP,SHAP,ImportanceRatio,58.4439404991458,63.51806809873829,30.732116296050716,34.988505236576735
MLP,LIME,ImportanceRatio,12.978546288167541,13.404949059202936,5.233282571303295,6.708390277188883
MLP,PFI,ImportanceRatio,511.530213979435,596.9187941570009,401.6454015973566,326.92386900783254
