Model,Explainer,Metric,Median,Mean,StdDev,IQR
RF,SHAP,ImportanceRatio,10598.874999999996,10821.84911536329,5148.398958503333,5089.781250000004
RF,LIME,ImportanceRatio,28.26462442049808,27.379177564054924,6.39056841947816,6.146958116037016
RF,PFI,ImportanceRatio,7414.592993510978,7334.995907984983,2488.039461745841,2720.1128829504414
MLP,SHAP,ImportanceRatio,58.702415114417974,63.56195614101518,30.658628796764514,34.69005994470016
MLP,LIME,ImportanceRatio,12.993968934183245,13.425877457809474,5.2332426677727195,6.720321522673482
MLP,PFI,ImportanceRatio,515.7625586489303,598.5515305009619,401.26638503967655,329.3414476110989
