Model,Explainer,Metric,Median,Mean,StdDev,IQR
RF,SHAP,ImportanceRatio,10602.0,10866.91539642139,5174.143611938399,5166.125
RF,LIME,ImportanceRatio,28.24170118003344,27.33580464398301,6.40161682844636,6.194216337842022
RF,PFI,ImportanceRatio,7423.126031011832,7354.115102939449,2496.317163593612,2738.838787515415
MLP,SHAP,ImportanceRatio,58.8560054762724,64.06700660695145,31.387109165043015,34.91810198373095
MLP,LIME,ImportanceRatio,13.0188233500915,13.43333178544659,5.220595989576858,6.698180219206584
MLP,PFI,ImportanceRatio,516.4960080227473,603.7676077372939,406.86590980982544,338.280162120624
