Model,Explainer,Metric,Median,Mean,StdDev,IQR
RF,SHAP,ImportanceRatio,10607.625,10877.07198927217,5162.295330974726,5171.9375
RF,LIME,ImportanceRatio,28.233847745309994,27.330756477382838,6.384917025038261,6.156350109047047
RF,PFI,ImportanceRatio,7424.013405279062,7359.9595574263085,2491.4485391153216,2735.005276960568
MLP,SHAP,ImportanceRatio,58.702415114417974,63.967319244482496,31.338057695551107,35.16882932172823
MLP,LIME,ImportanceRatio,13.014107465145225,13.427066388807154,5.207637524216884,6.663812097911942
MLP,PFI,ImportanceRatio,517.6636542911892,604.4597828633265,405.9652378050381,339.7452996182578
