Model,Explainer,Metric,Median,Mean,StdDev,IQR
RF,SHAP,ImportanceRatio,10610.249999999996,10922.529937636134,5187.301926363695,5203.4999999999945
RF,LIME,ImportanceRatio,28.212587780713584,27.322816961327735,6.3695553238194735,6.162184434143928
RF,PFI,ImportanceRatio,7428.140240701039,7380.779738889862,2501.0433931057437,2742.1204742089267
MLP,SHAP,ImportanceRatio,58.8560054762724,64.13092216745383,31.360772385424585,34.96425299114235
MLP,LIME,ImportanceRatio,13.067023106767776,13.448657735489988,5.209653631265034,6.630073771941511
MLP,PFI,ImportanceRatio,518.359689695169,606.0713580646617,405.5203396061894,343.0499843486607
