Model,Explainer,Metric,Median,Mean,StdDev,IQR
RF,SHAP,ImportanceRatio,10611.375,10936.567959064143,5221.631098206874,5217.375
RF,LIME,ImportanceRatio,28.202664176745625,27.324960770119088,6.352800596819163,6.075457326213481
RF,PFI,ImportanceRatio,7469.005402840839,7395.74258760575,2503.4749996346845,2768.8020451946086
MLP,SHAP,ImportanceRatio,58.99381868857417,64.34863469557395,31.446889496232536,35.02276022723264
MLP,LIME,ImportanceRatio,13.10226872841504,13.457868732953054,5.199407604379817,6.584872553332133
MLP,PFI,ImportanceRatio,520.1509705868723,609.0463517283988,406.5082682497272,348.2847080522282
