Model,Explainer,Metric,Median,Mean,StdDev,IQR
RF,SHAP,ImportanceRatio,10624.249999999996,10984.237352578793,5254.187538018499,5253.3125
RF,LIME,ImportanceRatio,28.167358441021587,27.299091373771258,6.346131374837132,6.105858511656287
RF,PFI,ImportanceRatio,7481.528881626185,7412.840904711287,2508.726976036438,2781.683669236276
MLP,SHAP,ImportanceRatio,59.10647464739618,64.59904209081358,31.595679492842134,35.11525246624868
MLP,LIME,ImportanceRatio,13.067023106767776,13.445232017954302,5.189475525125714,6.591247374830676
MLP,PFI,ImportanceRatio,521.7728189996376,613.2677492101552,409.60493821827396,353.5956092092072
