Model,Explainer,Metric,Median,Mean,StdDev,IQR
RF,SHAP,ImportanceRatio,233.06346003644015,276.893460050605,99.5783803917355,115.39027397086582
RF,LIME,ImportanceRatio,4.5340897450661775,4.555225751700095,0.11281357196793129,0.2046658605220424
RF,PFI,ImportanceRatio,5529.184668514481,6558.341995279999,2422.1157310373537,4391.593425698601
MLP,SHAP,ImportanceRatio,367.9189623590034,395.5514881936204,97.6866764451057,85.38376978259072
MLP,LIME,ImportanceRatio,6.0523083456011735,6.0701223706530465,0.14700515755013263,0.23297236276928324
MLP,PFI,ImportanceRatio,9626.722953060791,9603.471941203788,387.6921314306415,729.6576714843904
