Model,Explainer,Metric,Median,Mean,StdDev,IQR
RF,SHAP,ImportanceRatio,233.06346003644015,278.8784088813124,105.22302686077226,166.65278259117025
RF,LIME,ImportanceRatio,4.46578124713877,4.511162052435503,0.11215576578648703,0.18153849025342872
RF,PFI,ImportanceRatio,5529.184668514481,6528.1015434455,2365.9364723032472,4237.153789461931
MLP,SHAP,ImportanceRatio,387.6312473990931,426.6500103612435,97.4856605533119,162.20665827653875
MLP,LIME,ImportanceRatio,5.990760509164815,6.040602823765153,0.12801229882630055,0.16870318225589198
MLP,PFI,ImportanceRatio,9593.582960895048,9595.31064907183,317.7265737844599,636.7490434229003
