Model,Explainer,Metric,Median,Mean,StdDev,IQR
RF,SHAP,ImportanceRatio,12450.249999999995,12789.44042321864,5090.5725713153915,6179.75
RF,LIME,ImportanceRatio,28.794321274562613,28.11106034929946,4.7409495296594315,3.8091410449858714
RF,PFI,ImportanceRatio,8199.768310319176,8429.309958431539,1854.4026334512926,2710.393249983583
MLP,SHAP,ImportanceRatio,65.11876190082658,72.72266125983533,30.411217675500986,31.528435051497084
MLP,LIME,ImportanceRatio,13.318956103419621,13.830441002138102,4.345626649112416,6.103294247389801
MLP,PFI,ImportanceRatio,570.1667554057499,731.1966920076826,508.9406118512541,414.6911335590129
