Model,Explainer,Metric,Median,Mean,StdDev,IQR
RF,SHAP,ImportanceRatio,13036.124999999996,13269.72448594647,5397.21471466095,7106.812499999996
RF,LIME,ImportanceRatio,28.189973110867584,27.60703081365943,4.675739314447698,3.931394972510148
RF,PFI,ImportanceRatio,8556.417830380204,8587.620082703761,1866.663645871033,2913.037424300692
MLP,SHAP,ImportanceRatio,67.40463761527101,76.31888925890355,32.58572060109294,34.23587462339178
MLP,LIME,ImportanceRatio,13.438310199859073,14.025739234235864,4.319321376838973,5.830236330194547
MLP,PFI,ImportanceRatio,613.8636974391695,775.2032137249771,506.6977262650043,484.46720916681005
