Model,Explainer,Metric,Median,Mean,StdDev,IQR
RF,SHAP,ImportanceRatio,12519.124999999996,12797.95576012063,5196.946120274617,6323.550000000805
RF,LIME,ImportanceRatio,28.723425343677697,27.922638536941413,4.885297943832248,3.965353120740854
RF,PFI,ImportanceRatio,8216.392160799389,8477.276253568794,1869.7953059239371,2980.3686092985754
MLP,SHAP,ImportanceRatio,65.47502241544288,73.89422196362813,31.30436851713099,32.072327158840324
MLP,LIME,ImportanceRatio,13.30144144493391,13.766808323045401,4.331950997084693,6.084932683815859
MLP,PFI,ImportanceRatio,571.6082561006035,744.1450283366238,512.907607811309,445.6662424687628
