Model,Explainer,Metric,Median,Mean,StdDev,IQR
RF,SHAP,ImportanceRatio,12647.500000000011,12829.749833829046,5158.012325577696,6286.3750000000055
RF,LIME,ImportanceRatio,28.649869506545436,27.88916454700283,4.846796848147723,3.985032786237113
RF,PFI,ImportanceRatio,8230.230352852743,8480.426630756709,1854.101678770849,2940.77879657251
MLP,SHAP,ImportanceRatio,65.30338462667126,73.69885214193845,31.057587168002026,31.449625165723226
MLP,LIME,ImportanceRatio,13.30576508515557,13.743688305239035,4.302381333906382,6.027025511911443
MLP,PFI,ImportanceRatio,574.9473606858957,745.7332001789904,508.5462916573797,442.7169675886588
