Model,Explainer,Metric,Median,Mean,StdDev,IQR
RF,SHAP,ImportanceRatio,12756.500000000004,13009.087799869249,5281.569173941952,6741.281249999989
RF,LIME,ImportanceRatio,28.60720922648543,27.850368417296888,4.812089094677525,3.997377297046171
RF,PFI,ImportanceRatio,8349.389500384808,8503.791902446339,1847.9718995406367,2949.2344008134596
MLP,SHAP,ImportanceRatio,66.13830670751506,74.26600345626314,31.254801863869464,31.710707609905704
MLP,LIME,ImportanceRatio,13.30144144493391,13.721511682354654,4.266350804345422,5.848448927146144
MLP,PFI,ImportanceRatio,590.3892315873244,748.5789243906862,505.1926537640429,441.1131462987889
