Model,Explainer,Metric,Median,Mean,StdDev,IQR
RF,SHAP,ImportanceRatio,12842.249999999995,13179.44832472011,5388.017949169802,7126.000000000004
RF,LIME,ImportanceRatio,28.59849810296249,27.82944108756515,4.773575465915011,3.9876355373016175
RF,PFI,ImportanceRatio,8405.642931369848,8523.44142778512,1836.8580207991804,2900.8428835550976
MLP,SHAP,ImportanceRatio,66.78986142572725,75.58926688510242,32.58776521192283,32.34850583582022
MLP,LIME,ImportanceRatio,13.318956103419621,13.778047924723303,4.274134208735615,5.859213209079417
MLP,PFI,ImportanceRatio,597.4854104735324,761.5854641638712,514.3341815763998,473.02544813256765
