Model,Explainer,Metric,Median,Mean,StdDev,IQR
RF,SHAP,ImportanceRatio,12871.250000000004,13233.131539159633,5356.827422525967,7081.375
RF,LIME,ImportanceRatio,28.47360692691217,27.77692383314504,4.75346074774698,3.993897764881769
RF,PFI,ImportanceRatio,8349.389500384808,8485.06827467916,1848.958991108269,2930.795311920816
MLP,SHAP,ImportanceRatio,66.13830670751506,75.21989890642601,32.42172074466888,32.19478690184614
MLP,LIME,ImportanceRatio,13.312360594287597,13.73597338995764,4.252188353051885,5.792545111265056
MLP,PFI,ImportanceRatio,590.3892315873244,754.6352081905328,512.5416558925903,467.6272508784733
