Model,Explainer,Metric,Median,Mean,StdDev,IQR
RF,SHAP,ImportanceRatio,12915.749999999998,13310.160664203615,5345.122682919522,7089.5
RF,LIME,ImportanceRatio,28.32707286512196,27.763548271738543,4.713040528166307,3.9050831870342577
RF,PFI,ImportanceRatio,8405.642931369848,8508.975775779625,1841.4290691383783,2881.6654423698656
MLP,SHAP,ImportanceRatio,66.78986142572725,75.35158862473058,32.15270002449783,31.980983892444087
MLP,LIME,ImportanceRatio,13.325077083964743,13.871971962894674,4.344258836875684,5.955738587636716
MLP,PFI,ImportanceRatio,597.4854104735324,758.2087740208858,508.9800652393643,468.2161004436936
