Model,Explainer,Metric,Median,Mean,StdDev,IQR
RF,SHAP,ImportanceRatio,13036.124999999996,13403.361917119644,5349.86873476626,7108.4375
RF,LIME,ImportanceRatio,28.302444646632186,27.667679486380987,4.734339309763971,3.9285925555943173
RF,PFI,ImportanceRatio,8477.750258286931,8560.460011479967,1869.0130526328005,2910.664717294315
MLP,SHAP,ImportanceRatio,67.40463761527101,76.31200501773013,32.948249840691616,33.50284302528696
MLP,LIME,ImportanceRatio,13.382432594936148,13.946630213283969,4.3492042756902025,5.8742760344743274
MLP,PFI,ImportanceRatio,598.2868146127421,770.3863202974733,513.0715376353961,484.2805699122779
