Model,Explainer,Metric,Median,Mean,StdDev,IQR
RF,SHAP,ImportanceRatio,12915.749999999998,13249.95004220545,5440.5114683227985,7218.750000000004
RF,LIME,ImportanceRatio,28.239707797705588,27.614092024954573,4.7143031470831005,4.078241314569176
RF,PFI,ImportanceRatio,8515.300003474273,8566.18603251854,1862.7170939905052,2914.795734191842
MLP,SHAP,ImportanceRatio,68.72501680021963,76.63226557841854,32.76952372081163,36.98566708143298
MLP,LIME,ImportanceRatio,13.434820300900299,14.01083886001731,4.342020951247785,5.787410403515681
MLP,PFI,ImportanceRatio,610.6300966134062,775.1631472694019,510.7794101245877,489.9215671718444
