Model,Explainer,Metric,Median,Mean,StdDev,IQR
RF,SHAP,ImportanceRatio,10933.375000000004,11102.930712116924,5488.460384061189,5704.249999999996
RF,LIME,ImportanceRatio,28.010246915947015,26.73507010039882,6.653930758418526,5.857544305461591
RF,PFI,ImportanceRatio,7586.684851207408,7340.682504843363,2688.272151475039,2765.3128545574546
MLP,SHAP,ImportanceRatio,57.024653278499116,61.88534441411227,31.663017025270232,32.34222723425939
MLP,LIME,ImportanceRatio,13.311494762821013,13.690368545693284,5.273784748572356,6.522377581648012
MLP,PFI,ImportanceRatio,518.1818313553861,600.7732704751708,416.4252435240461,375.84771028048544
