Model,Explainer,Metric,Median,Mean,StdDev,IQR
RF,SHAP,ImportanceRatio,10749.749999999998,11043.711893356509,5645.461036006861,6174.249999999989
RF,LIME,ImportanceRatio,27.68975539320391,26.418184160222218,6.717395053822045,6.088639638053081
RF,PFI,ImportanceRatio,7595.154817322613,7324.987884815825,2764.195074650566,2862.6485341967273
MLP,SHAP,ImportanceRatio,57.22448871401284,62.5188755994806,32.375224265770676,33.3124013772903
MLP,LIME,ImportanceRatio,13.31052555674215,13.62060989199889,5.260073188421318,6.5709092499490875
MLP,PFI,ImportanceRatio,527.5176452268526,610.6114224546786,427.08522762083084,388.52600701070975
