Model,Explainer,Metric,Median,Mean,StdDev,IQR
RF,SHAP,ImportanceRatio,10785.562499999996,11046.104227497748,5624.844991256582,5913.249999999998
RF,LIME,ImportanceRatio,27.730543329012203,26.456161888499047,6.70848689183209,5.954352341951594
RF,PFI,ImportanceRatio,7597.161621538994,7330.615558095398,2755.1900490051244,2844.2144941057904
MLP,SHAP,ImportanceRatio,57.09141021556839,62.38100418069957,32.294636729790135,33.1477815159269
MLP,LIME,ImportanceRatio,13.30144144493391,13.602744787454341,5.2445751069141675,6.4555620498497674
MLP,PFI,ImportanceRatio,525.8274953221301,609.6416357420106,425.639908924432,385.847032547275
