Model,Explainer,Metric,Median,Mean,StdDev,IQR
RF,SHAP,ImportanceRatio,10821.374999999995,11055.6717395717,5606.612991747041,5827.374999999996
RF,LIME,ImportanceRatio,27.772274565791516,26.515946817684913,6.721936201934181,5.945979969744684
RF,PFI,ImportanceRatio,7599.168425755375,7338.030275468271,2747.8782594096215,2847.2711138621235
MLP,SHAP,ImportanceRatio,57.14719595801144,62.39485494956538,32.19682287770323,33.07610640541641
MLP,LIME,ImportanceRatio,13.30576508515557,13.613032750070971,5.234516532879827,6.5669838713538
MLP,PFI,ImportanceRatio,527.5176452268526,609.033438523832,424.1068639633525,384.4229876531015
