Model,Explainer,Metric,Median,Mean,StdDev,IQR
RF,SHAP,ImportanceRatio,10827.499999999993,11072.401490271412,5589.64440130123,5795.124999999993
RF,LIME,ImportanceRatio,27.7995294756346,26.55338866725711,6.711844898459004,5.961117027369966
RF,PFI,ImportanceRatio,7593.545115235157,7334.317886770388,2738.417610162374,2829.941226611486
MLP,SHAP,ImportanceRatio,57.09141021556839,62.31251176393694,32.10227651806314,32.98834499878616
MLP,LIME,ImportanceRatio,13.311494762821013,13.687234900338025,5.312487542524507,6.566359600016019
MLP,PFI,ImportanceRatio,523.8986346663382,607.3291003885764,422.98998591404234,383.79121094088725
