Model,Explainer,Metric,Median,Mean,StdDev,IQR
RF,SHAP,ImportanceRatio,10832.999999999998,11071.75654096076,5569.163843651259,5777.4999999999945
RF,LIME,ImportanceRatio,27.81011685786177,26.582487876541343,6.700257278345518,5.9051540838346455
RF,PFI,ImportanceRatio,7595.154817322613,7339.903506338974,2731.637225375451,2836.345806786506
MLP,SHAP,ImportanceRatio,57.013682083872894,62.22608628016767,32.001163460222315,32.69051611684392
MLP,LIME,ImportanceRatio,13.312463968899877,13.699785532211104,5.300815595677989,6.567013506338281
MLP,PFI,ImportanceRatio,524.1373454174077,607.0092231161004,421.4487895311997,382.87528480045773
