Model,Explainer,Metric,Median,Mean,StdDev,IQR
RF,SHAP,ImportanceRatio,10900.374999999996,11091.186333551736,5553.261759477075,5737.1875
RF,LIME,ImportanceRatio,27.84073795227161,26.602719855636803,6.684704141856121,5.84481068973005
RF,PFI,ImportanceRatio,7593.545115235157,7343.140090945109,2722.9732025421195,2812.6173391688353
MLP,SHAP,ImportanceRatio,57.09141021556839,62.268199732309874,31.892642962492687,32.60580202094464
MLP,LIME,ImportanceRatio,13.315341415131414,13.693825068342921,5.2827411334684,6.563428218226074
MLP,PFI,ImportanceRatio,523.8986346663382,606.3677982372927,420.074806655661,374.9493949502416
