Model,Explainer,Metric,Median,Mean,StdDev,IQR
RF,SHAP,ImportanceRatio,10925.25,11099.239109705859,5534.341470073655,5710.749999999996
RF,LIME,ImportanceRatio,27.871359046681448,26.63190705671671,6.673175826597269,5.830654815780825
RF,PFI,ImportanceRatio,7591.935413147701,7342.343044608277,2713.535490704306,2787.5394874440262
MLP,SHAP,ImportanceRatio,57.14719595801144,62.278927521468745,31.78174887290893,32.231648080743234
MLP,LIME,ImportanceRatio,13.318218861362949,13.691639757783255,5.267785607447544,6.535525200066594
MLP,PFI,ImportanceRatio,523.6599239152687,606.3948739178337,419.14927742310914,377.59135823364704
