Model,Explainer,Metric,Median,Mean,StdDev,IQR
RF,SHAP,ImportanceRatio,10916.624999999998,11090.147099249054,5517.0892529148605,5715.062499999996
RF,LIME,ImportanceRatio,27.934515983841976,26.66901219347382,6.664868331795019,5.864212203179122
RF,PFI,ImportanceRatio,7593.545115235157,7345.515819855192,2706.009594219015,2796.1236687034852
MLP,SHAP,ImportanceRatio,57.024653278499116,62.09499214694229,31.75081714713826,32.10881079001949
MLP,LIME,ImportanceRatio,13.311494762821013,13.672782541024908,5.254424225794858,6.485684861603422
MLP,PFI,ImportanceRatio,522.3289450218922,604.5140141653517,418.2265440885172,374.0553582071925
