Model,Explainer,Metric,Median,Mean,StdDev,IQR
RF,SHAP,ImportanceRatio,10941.500000000007,11111.819901892346,5504.399758755018,5697.999999999996
RF,LIME,ImportanceRatio,27.935882050390518,26.6825140765289,6.6451173531479615,5.809913819466985
RF,PFI,ImportanceRatio,7581.434289267115,7338.922673112757,2697.3797574157643,2770.371124925109
MLP,SHAP,ImportanceRatio,57.03562447312533,62.06680160408393,31.667192574080982,32.13897996798932
MLP,LIME,ImportanceRatio,13.318218861362949,13.72041251287079,5.28020541470865,6.5622331221886725
MLP,PFI,ImportanceRatio,518.6014140428516,602.6969560953526,417.27579708437685,374.8149332645617
