Model,Explainer,Metric,Median,Mean,StdDev,IQR
RF,SHAP,ImportanceRatio,12981.875,13166.898431920152,5261.063688206945,7185.437500000011
RF,LIME,ImportanceRatio,27.701235623040034,27.263751161982206,4.341587127024953,4.081496822939098
RF,PFI,ImportanceRatio,7843.645342624967,8104.475743214981,1938.808944062829,3002.799415398412
MLP,SHAP,ImportanceRatio,62.84195194438048,70.83320272621883,30.892266904952034,33.14609153005186
MLP,LIME,ImportanceRatio,13.438310199859073,14.210637691851986,4.623540410419791,6.309646236697656
MLP,PFI,ImportanceRatio,551.3248349569046,693.6398164437772,469.3108437857983,433.8414197295542
