Model,Explainer,Metric,Median,Mean,StdDev,IQR
RF,SHAP,ImportanceRatio,13427.5,13612.171466996999,5325.4678229461815,7271.499999999996
RF,LIME,ImportanceRatio,28.020800898624394,27.524146246569874,4.4412924589229545,3.957586092470347
RF,PFI,ImportanceRatio,8182.472902863095,8378.167520680787,1845.0355738029643,2812.138109769332
MLP,SHAP,ImportanceRatio,64.36673003776313,72.89034707995002,31.421676393109667,31.701140090059454
MLP,LIME,ImportanceRatio,13.101312655811105,13.598608144328697,4.2291550571886205,6.02639608689784
MLP,PFI,ImportanceRatio,569.6341608405379,720.9116409082617,487.0456381216577,449.0311483404656
