Model,Explainer,Metric,Median,Mean,StdDev,IQR
RF,SHAP,ImportanceRatio,13334.749999999996,13557.51457162204,5313.679864083397,7240.250000000011
RF,LIME,ImportanceRatio,28.010246915947015,27.5113458072229,4.423866785334338,3.9022932367919907
RF,PFI,ImportanceRatio,8122.895722332119,8349.728242156058,1851.4665632756642,2877.173107206203
MLP,SHAP,ImportanceRatio,64.18821223890583,72.46290843883669,31.438456504468693,32.021897238556704
MLP,LIME,ImportanceRatio,13.189860309521228,13.692974205798334,4.305658768383915,6.176471564808583
MLP,PFI,ImportanceRatio,569.5858698168165,717.4095865197994,485.29104161329786,448.7027346751041
