Model,Explainer,Metric,Median,Mean,StdDev,IQR
RF,SHAP,ImportanceRatio,13312.250000000016,13509.198161965118,5295.33773298617,7225.875000000007
RF,LIME,ImportanceRatio,27.999692933269635,27.49252802176739,4.406172904574948,3.881810170082172
RF,PFI,ImportanceRatio,8075.954691180075,8320.650003096813,1859.3912168233107,2888.5913162266097
MLP,SHAP,ImportanceRatio,63.878093964666796,72.11399261885694,31.370685222935293,32.51472771118189
MLP,LIME,ImportanceRatio,13.279513373912085,13.724867618505428,4.290422634388761,6.1024462177601
MLP,PFI,ImportanceRatio,567.0161438277588,713.2707310287171,483.40791247841287,447.819324757192
