Model,Explainer,Metric,Median,Mean,StdDev,IQR
RF,SHAP,ImportanceRatio,13318.750000000005,13510.120033650273,5259.8020235656895,7194.75
RF,LIME,ImportanceRatio,27.96642142528154,27.468975728698958,4.386848692880482,3.916268546843426
RF,PFI,ImportanceRatio,7998.28554442753,8291.753498678665,1863.7922126704268,2921.434228047813
MLP,SHAP,ImportanceRatio,64.18821223890583,72.48959296723575,31.336780898213473,32.49568285967503
MLP,LIME,ImportanceRatio,13.30144144493391,13.737420249572354,4.263072380616933,5.985234987357856
MLP,PFI,ImportanceRatio,562.7302788689847,710.6307805850121,481.27584423852903,446.5763713425668
