Model,Explainer,Metric,Median,Mean,StdDev,IQR
RF,SHAP,ImportanceRatio,13292.250000000007,13477.241766534937,5234.001179875093,7197.749999999996
RF,LIME,ImportanceRatio,27.871359046681448,27.420698229238553,4.382840009713817,3.9403099215933466
RF,PFI,ImportanceRatio,7982.910976519597,8253.936089949166,1883.384463891428,2959.149895399928
MLP,SHAP,ImportanceRatio,64.04693918778169,72.30423537500266,31.19717092478946,32.400519074184075
MLP,LIME,ImportanceRatio,13.30576508515557,13.742642086774035,4.236481433753913,5.859213209079417
MLP,PFI,ImportanceRatio,558.4444139102105,707.9662783623451,479.28408026146997,445.5872575589053
