Model,Explainer,Metric,Median,Mean,StdDev,IQR
RF,SHAP,ImportanceRatio,13240.124999999993,13415.251743291055,5228.782566479062,7128.187499999998
RF,LIME,ImportanceRatio,27.7995294756346,27.3937458895763,4.361940248305434,3.9456767097795904
RF,PFI,ImportanceRatio,7959.9544172207825,8216.91156554456,1898.8081027785724,3012.5612726441705
MLP,SHAP,ImportanceRatio,63.507224725323255,71.94611699432009,31.151406503536233,32.96289087497105
MLP,LIME,ImportanceRatio,13.314740830080886,13.844048567500483,4.309983378200124,6.001722517271581
MLP,PFI,ImportanceRatio,556.0150105578164,704.1030651223953,477.32955326202057,434.8332720899717
