Model,Explainer,Metric,Median,Mean,StdDev,IQR
RF,SHAP,ImportanceRatio,13145.250000000002,13367.282023681215,5212.749456899775,7088.375
RF,LIME,ImportanceRatio,27.788942093407424,27.36630758127459,4.352196652012637,3.952760535119708
RF,PFI,ImportanceRatio,7958.36853153681,8196.889926872098,1899.6573159829084,2990.0514340103628
MLP,SHAP,ImportanceRatio,63.10746681450411,71.69469067774389,31.034397150030365,33.04555321304113
MLP,LIME,ImportanceRatio,13.325077083964743,13.909620804930146,4.322791625471286,5.98842210151604
MLP,PFI,ImportanceRatio,553.9954646983615,701.5821490894074,474.9343746997805,431.25684329584135
