Model,Explainer,Metric,Median,Mean,StdDev,IQR
RF,SHAP,ImportanceRatio,13122.375000000004,13247.552878892464,5297.364726952606,7139.125
RF,LIME,ImportanceRatio,27.78060832959947,27.36574745530521,4.327520369780729,3.9371597494341763
RF,PFI,ImportanceRatio,7912.475640838922,8172.673441342243,1907.4838863675345,2959.936682795833
MLP,SHAP,ImportanceRatio,63.04037015210706,71.34085578485951,31.008840109805316,33.11876537616065
MLP,LIME,ImportanceRatio,13.382432594936148,14.009584483477497,4.40360466439574,5.982391545960892
MLP,PFI,ImportanceRatio,553.9082254454261,699.8018860991355,472.669192818855,432.72214545431837
