Model,Explainer,Metric,Median,Mean,StdDev,IQR
RF,SHAP,ImportanceRatio,13043.0,13217.647673674415,5272.657787173031,7131.500000000004
RF,LIME,ImportanceRatio,27.74837080514825,27.344761215506164,4.30720366141911,3.931983382631042
RF,PFI,ImportanceRatio,7900.709782793458,8147.238018800271,1912.5602750591063,2972.512810040156
MLP,SHAP,ImportanceRatio,63.068273902031,71.23299179420765,30.85834991432978,32.91472747552341
MLP,LIME,ImportanceRatio,13.434820300900299,14.18125671115644,4.638282954351736,6.3684443454149395
MLP,PFI,ImportanceRatio,553.8209861924905,698.0890337475222,470.4487504455817,434.18744761279555
