Model,Explainer,Metric,Median,Mean,StdDev,IQR
RF,SHAP,ImportanceRatio,10602.0,10892.221872737673,5155.166362848995,4959.625000000004
RF,LIME,ImportanceRatio,28.239707797705588,27.51143108390271,6.1298195086602325,5.839100027681603
RF,PFI,ImportanceRatio,7428.140240701039,7414.339605248021,2447.2733649770526,2737.6683609499414
MLP,SHAP,ImportanceRatio,58.69458939146216,63.91243342970272,30.791050986432385,32.91789640237743
MLP,LIME,ImportanceRatio,13.31052555674215,13.743790655737198,5.344768165585592,6.478535261009208
MLP,PFI,ImportanceRatio,523.6599239152687,611.4847407488786,394.4456009748426,345.5238686829834
