Model,Explainer,Metric,Median,Mean,StdDev,IQR
RF,SHAP,ImportanceRatio,10715.874999999996,10943.753281153953,5115.943142904633,5029.687499999996
RF,LIME,ImportanceRatio,28.18004950689963,27.51373816874083,6.031541942314043,5.743146247348175
RF,PFI,ImportanceRatio,7423.062019254522,7407.568167294332,2410.8863343167786,2710.1567092397418
MLP,SHAP,ImportanceRatio,58.569264945303985,63.76926702797941,30.361806019517633,32.09084036392648
MLP,LIME,ImportanceRatio,13.330647462109928,13.857290347221387,5.3760722277308695,6.563712399080771
MLP,PFI,ImportanceRatio,517.6636542911892,604.3023436270513,388.15142642162965,329.05806719338455
