Model,Explainer,Metric,Median,Mean,StdDev,IQR
RF,SHAP,ImportanceRatio,10604.75,10876.714559757944,5159.155981989282,4921.9687500000055
RF,LIME,ImportanceRatio,28.226822088780708,27.49942893590377,6.121331701527144,5.843075052231594
RF,PFI,ImportanceRatio,7426.454307883754,7409.623140940414,2443.3323201597577,2743.965141351302
MLP,SHAP,ImportanceRatio,58.701050643143475,63.8710147349271,30.73069952006752,32.950510108972075
MLP,LIME,ImportanceRatio,13.315341415131414,13.779082183639504,5.362949265305199,6.490332904197389
MLP,PFI,ImportanceRatio,523.30864341408,610.7104210636063,393.7027069623718,342.6288445180136
