Model,Explainer,Metric,Median,Mean,StdDev,IQR
RF,SHAP,ImportanceRatio,10607.749999999998,10889.637183108065,5151.426687111361,4918.9375
RF,LIME,ImportanceRatio,28.22565648464701,27.50188769467588,6.10835511335443,5.823318502424396
RF,PFI,ImportanceRatio,7428.140240701039,7412.763487413934,2439.2028465883673,2739.347005832832
MLP,SHAP,ImportanceRatio,58.70751189482479,63.86681039553064,30.664838201982647,32.63031325528649
MLP,LIME,ImportanceRatio,13.318218861362949,13.779611990697655,5.35598955860842,6.5134131921623535
MLP,PFI,ImportanceRatio,522.5156156259,609.7842522059722,393.02155857798306,341.4896935755037
