Model,Explainer,Metric,Median,Mean,StdDev,IQR
RF,SHAP,ImportanceRatio,10608.999999999996,10884.61703271971,5143.6862329089145,4897.2750000000015
RF,LIME,ImportanceRatio,28.219122132680297,27.4980551844862,6.0949887729968735,5.813939259467752
RF,PFI,ImportanceRatio,7426.454307883754,7411.976947868005,2436.771544976343,2740.733740020878
MLP,SHAP,ImportanceRatio,58.701050643143475,63.816269418519674,30.614499732338707,32.760655068307045
MLP,LIME,ImportanceRatio,13.318587482391285,13.798308306844712,5.364916001861542,6.496190966423061
MLP,PFI,ImportanceRatio,522.0480618441209,608.9115466737746,392.3164124253701,340.3907472164984
