Model,Explainer,Metric,Median,Mean,StdDev,IQR
RF,SHAP,ImportanceRatio,10612.500000000004,10902.838969001634,5138.707320881974,4947.500000000004
RF,LIME,ImportanceRatio,28.192740572777666,27.493965570836508,6.082456030566926,5.8132098985749465
RF,PFI,ImportanceRatio,7424.768375066468,7408.604272374576,2431.8730810575394,2741.025650715721
MLP,SHAP,ImportanceRatio,58.71024083737378,63.87584988553504,30.570806397788775,32.353950803878696
MLP,LIME,ImportanceRatio,13.318218861362949,13.798070532857905,5.3608712209715135,6.50967987961338
MLP,PFI,ImportanceRatio,521.700527130893,607.8068290448236,391.73713535543885,338.49371265592424
