Model,Explainer,Metric,Median,Mean,StdDev,IQR
RF,SHAP,ImportanceRatio,10630.999999999996,10908.852831799466,5128.292818718409,4939.0937500000055
RF,LIME,ImportanceRatio,28.19352756016327,27.489165965588498,6.074157420065927,5.778314985035973
RF,PFI,ImportanceRatio,7423.192233251744,7403.7393978064865,2427.4680884737872,2734.494027800194
MLP,SHAP,ImportanceRatio,58.701050643143475,63.802135238124464,30.52164462185235,32.48734844125376
MLP,LIME,ImportanceRatio,13.322016593692183,13.837509017477332,5.380102832866878,6.5670967670348706
MLP,PFI,ImportanceRatio,518.4805518690102,607.0262701580862,391.0013260230347,336.29762627512105
