Model,Explainer,Metric,Median,Mean,StdDev,IQR
RF,SHAP,ImportanceRatio,10637.749999999998,10902.572642951782,5133.760162400187,4944.937499999998
RF,LIME,ImportanceRatio,28.192740572777666,27.49131433217615,6.062201249586922,5.76978723734511
RF,PFI,ImportanceRatio,7423.258435491655,7403.6143448418325,2423.731955717462,2730.584974393375
MLP,SHAP,ImportanceRatio,58.70751189482479,63.841159963390865,30.539318873339813,32.6240017547804
MLP,LIME,ImportanceRatio,13.318218861362949,13.819562383823138,5.375770840915267,6.572748066043957
MLP,PFI,ImportanceRatio,518.0039730156032,605.7329152988166,390.566353336331,338.14089789933973
