Model,Explainer,Metric,Median,Mean,StdDev,IQR
RF,SHAP,ImportanceRatio,10656.000000000002,10915.059121653838,5125.400125420457,4980.031250000002
RF,LIME,ImportanceRatio,28.19352756016327,27.508865336231334,6.0577046721885734,5.797938044093286
RF,PFI,ImportanceRatio,7423.192233251744,7403.856651808809,2419.186225715571,2718.6838271797315
MLP,SHAP,ImportanceRatio,58.701050643143475,63.82988973067927,30.481778428100327,32.33943983690126
MLP,LIME,ImportanceRatio,13.322016593692183,13.823196563724888,5.36389370099947,6.515299393660907
MLP,PFI,ImportanceRatio,518.4805518690102,605.5657264473464,389.6779275006773,336.17948055814026
