Model,Explainer,Metric,Median,Mean,StdDev,IQR
RF,SHAP,ImportanceRatio,10689.000000000002,10935.19621851082,5124.646201492837,5029.499999999996
RF,LIME,ImportanceRatio,28.192740572777666,27.513865569395875,6.04499260334604,5.752122480648303
RF,PFI,ImportanceRatio,7423.126031011832,7407.344173819853,2416.291811943769,2717.2922560000043
MLP,SHAP,ImportanceRatio,58.70751189482479,63.83053506442931,30.41387561493476,32.29590693596896
MLP,LIME,ImportanceRatio,13.325077083964743,13.850856142660554,5.383711104258374,6.563058492758509
MLP,PFI,ImportanceRatio,518.0039730156032,604.8883905910351,388.9234474610136,334.6686401416242
